,file_name,fabric,color,texture,texture2,fabric_code,color_code,texture_code,texture2_code
0,478130_4419430_1_1,brown light medium-2,brown,light medium-2,light medium,19,1,20,7
1,478130_4419430_1_2,brown light medium-1,brown,light medium-1,light medium,18,1,19,7
2,478130_4419430_1_3,brown light medium-2,brown,light medium-2,light medium,19,1,20,7
3,478130_4419430_1_4,reddish light medium,reddish,light medium,light medium,73,5,18,7
4,478130_4419430_1_5,brown fine,brown,fine,fine,14,1,13,4
5,478130_4419430_1_6,brown medium-1,brown,medium-1,medium,22,1,23,8
6,478130_4419430_1_7,brown medium-1,brown,medium-1,medium,22,1,23,8
7,478130_4419430_1_8,brown medium-1,brown,medium-1,medium,22,1,23,8
8,478130_4419430_1_9,grey dark fine,grey,dark fine,dark fine,35,3,8,2
9,478130_4419430_1_10,reddish light medium,reddish,light medium,light medium,73,5,18,7
10,478130_4419430_1_11,reddish grey coarse,reddish grey,coarse,coarse,71,8,0,0
11,478130_4419430_1_12,brown light medium-2,brown,light medium-2,light medium,19,1,20,7
12,478130_4419430_1_13,brown light medium-2,brown,light medium-2,light medium,19,1,20,7
13,478130_4419430_1_14,reddish brown medium,reddish brown,medium,medium,59,6,22,8
14,478130_4419430_1_15,grey medium,grey,medium,medium,39,3,22,8
15,478130_4419430_1_16,creamy fine,creamy,fine,fine,25,2,13,4
16,478130_4419430_1_17,brown light medium-2,brown,light medium-2,light medium,19,1,20,7
17,478130_4419430_1_18,grey medium,grey,medium,medium,39,3,22,8
18,478130_4419430_1_19,creamy fine,creamy,fine,fine,25,2,13,4
19,478130_4419430_1_20,reddish light medium,reddish,light medium,light medium,73,5,18,7
20,478130_4419430_1_21,grey medium,grey,medium,medium,39,3,22,8
21,478130_4419430_1_22,brown light medium-1,brown,light medium-1,light medium,18,1,19,7
22,478130_4419430_1_23,reddish medium-2,reddish,medium-2,medium,77,5,24,8
23,478130_4419430_1_24,brown light medium-2,brown,light medium-2,light medium,19,1,20,7
24,478130_4419430_1_25,creamy fine,creamy,fine,fine,25,2,13,4
25,478130_4419430_1_26,reddish light medium,reddish,light medium,light medium,73,5,18,7
26,478130_4419430_1_27,reddish light medium,reddish,light medium,light medium,73,5,18,7
27,478130_4419430_1_28,brown light medium-2,brown,light medium-2,light medium,19,1,20,7
28,478130_4419430_1_29,reddish light medium,reddish,light medium,light medium,73,5,18,7
29,478130_4419430_1_30,grey medium,grey,medium,medium,39,3,22,8
30,478130_4419430_1_31,brown medium-2,brown,medium-2,medium,23,1,24,8
31,478130_4419430_1_32,brown light medium-1,brown,light medium-1,light medium,18,1,19,7
32,478130_4419430_1_33,reddish light medium,reddish,light medium,light medium,73,5,18,7
33,478130_4419430_1_34,reddish medium,reddish,medium,medium,75,5,22,8
34,478130_4419430_1_35,grey medium,grey,medium,medium,39,3,22,8
35,478130_4419430_1_36,grey medium,grey,medium,medium,39,3,22,8
36,478130_4419430_1_37,brown dark coarse-1,brown,dark coarse-1,dark coarse,6,1,5,1
37,478130_4419430_1_38,brown light medium-1,brown,light medium-1,light medium,18,1,19,7
38,478130_4419430_1_39,brown dark medium-1,brown,dark medium-1,dark medium,11,1,10,3
39,478130_4419430_1_40,brown light medium-1,brown,light medium-1,light medium,18,1,19,7
40,478130_4419430_1_41,brown light medium-1,brown,light medium-1,light medium,18,1,19,7
41,478130_4419430_1_42,grey fine,grey,fine,fine,38,3,13,4
42,478130_4419430_1_43,brown light medium-2,brown,light medium-2,light medium,19,1,20,7
43,478130_4419430_1_44,grey fine,grey,fine,fine,38,3,13,4
44,478130_4419430_1_45,orange coarse,orange,coarse,coarse,42,4,0,0
45,478130_4419430_1_46,reddish light medium,reddish,light medium,light medium,73,5,18,7
46,478130_4419430_1_47,reddish light medium,reddish,light medium,light medium,73,5,18,7
47,478130_4419430_1_48,brown light medium-2,brown,light medium-2,light medium,19,1,20,7
48,478130_4419430_1_49,brown light medium-1,brown,light medium-1,light medium,18,1,19,7
49,478130_4419430_1_50,reddish medium-1,reddish,medium-1,medium,76,5,23,8
50,478130_4419430_1_51,reddish medium-2,reddish,medium-2,medium,77,5,24,8
51,478130_4419430_1_52,reddish medium-2,reddish,medium-2,medium,77,5,24,8
52,478130_4419430_1_53,reddish brown medium-1,reddish brown,medium-1,medium,60,6,23,8
53,478130_4419430_1_54,reddish yellow coarse,reddish yellow,coarse,coarse,78,9,0,0
54,478130_4419430_1_55,brown dark coarse-1,brown,dark coarse-1,dark coarse,6,1,5,1
55,478130_4419430_1_56,reddish medium-1,reddish,medium-1,medium,76,5,23,8
56,478130_4419430_1_57,reddish coarse,reddish,coarse,coarse,63,5,0,0
57,478130_4419430_1_58,reddish medium-1,reddish,medium-1,medium,76,5,23,8
58,478130_4419430_1_59,brown medium-1,brown,medium-1,medium,22,1,23,8
59,478130_4419430_1_60,grey dark fine,grey,dark fine,dark fine,35,3,8,2
60,478130_4419430_1_61,yellowish brown medium,yellowish brown,medium,medium,84,12,22,8
61,478130_4419430_1_62,reddish fine,reddish,fine,fine,70,5,13,4
62,478130_4419430_1_63,grey medium,grey,medium,medium,39,3,22,8
63,478130_4419430_1_64,brown dark medium-1,brown,dark medium-1,dark medium,11,1,10,3
64,478130_4419430_1_65,grey dark medium,grey,dark medium,dark medium,36,3,9,3
65,478130_4419430_1_66,brown light medium-1,brown,light medium-1,light medium,18,1,19,7
66,478130_4419430_1_67,brown light medium-1,brown,light medium-1,light medium,18,1,19,7
67,478130_4419430_1_68,brown light medium-2,brown,light medium-2,light medium,19,1,20,7
68,478130_4419430_1_69,reddish light medium,reddish,light medium,light medium,73,5,18,7
69,478130_4419430_1_70,reddish brown medium-1,reddish brown,medium-1,medium,60,6,23,8
70,478130_4419430_1_71,brown light medium-1,brown,light medium-1,light medium,18,1,19,7
71,478130_4419430_1_72,reddish medium-2,reddish,medium-2,medium,77,5,24,8
72,478130_4419430_1_73,brown dark medium-1,brown,dark medium-1,dark medium,11,1,10,3
73,478130_4419430_1_74,grey dark fine,grey,dark fine,dark fine,35,3,8,2
74,478130_4419430_1_75,reddish brown medium-2,reddish brown,medium-2,medium,61,6,24,8
75,478130_4419430_1_76,brown fine,brown,fine,fine,14,1,13,4
76,478130_4419430_1_77,orange fine,orange,fine,fine,43,4,13,4
77,478130_4419430_1_78,reddish medium-2,reddish,medium-2,medium,77,5,24,8
78,478130_4419430_1_79,grey medium,grey,medium,medium,39,3,22,8
79,478130_4419430_1_80,brown medium-1,brown,medium-1,medium,22,1,23,8
80,478130_4419430_1_81,grey fine,grey,fine,fine,38,3,13,4
81,478130_4419430_1_82,reddish medium-2,reddish,medium-2,medium,77,5,24,8
82,478130_4419430_1_83,reddish brown medium,reddish brown,medium,medium,59,6,22,8
83,478130_4419430_1_84,reddish medium-2,reddish,medium-2,medium,77,5,24,8
84,478130_4419430_1_85,brown fine,brown,fine,fine,14,1,13,4
85,478130_4419430_1_86,brown light medium-1,brown,light medium-1,light medium,18,1,19,7
86,478130_4419430_1_87,brown dark coarse-2,brown,dark coarse-2,dark coarse,7,1,6,1
87,478130_4419430_1_88,brown light coarse-1,brown,light coarse-1,light coarse,15,1,15,5
88,478130_4419430_1_89,reddish yellow medium,reddish yellow,medium,medium,79,9,22,8
89,478130_4419430_1_90,reddish brown medium,reddish brown,medium,medium,59,6,22,8
90,478130_4419430_1_91,grey medium,grey,medium,medium,39,3,22,8
91,478130_4419430_1_92,reddish brown dark medium,reddish brown,dark medium,dark medium,54,6,9,3
92,478130_4419430_1_93,reddish light medium,reddish,light medium,light medium,73,5,18,7
93,478130_4419430_1_94,reddish brown medium-1,reddish brown,medium-1,medium,60,6,23,8
94,478130_4419430_1_95,brown dark fine,brown,dark fine,dark fine,9,1,8,2
95,478130_4419430_1_96,brown medium-1,brown,medium-1,medium,22,1,23,8
96,478130_4419430_1_97,brown dark medium-3,brown,dark medium-3,dark medium,13,1,12,3
97,478130_4419430_1_98,brown medium-1,brown,medium-1,medium,22,1,23,8
98,478130_4419430_1_99,reddish brown medium,reddish brown,medium,medium,59,6,22,8
99,478130_4419430_1_100,reddish fine,reddish,fine,fine,70,5,13,4
100,478130_4419430_2_1,brown medium-1,brown,medium-1,medium,22,1,23,8
101,478130_4419430_2_2,black fine,black,fine,fine,1,0,13,4
102,478130_4419430_2_3,brown medium-1,brown,medium-1,medium,22,1,23,8
103,478130_4419430_2_4,brown dark fine,brown,dark fine,dark fine,9,1,8,2
104,478130_4419430_2_5,brown light medium-2,brown,light medium-2,light medium,19,1,20,7
105,478130_4419430_2_6,brown light medium-1,brown,light medium-1,light medium,18,1,19,7
106,478130_4419430_2_7,reddish brown medium-2,reddish brown,medium-2,medium,61,6,24,8
107,478130_4419430_2_8,grey fine,grey,fine,fine,38,3,13,4
108,478130_4419430_2_9,brown medium-2,brown,medium-2,medium,23,1,24,8
109,478130_4419430_2_10,reddish brown dark coarse,reddish brown,dark coarse,dark coarse,51,6,4,1
110,478130_4419430_2_11,brown light medium-1,brown,light medium-1,light medium,18,1,19,7
111,478130_4419430_2_12,reddish brown medium,reddish brown,medium,medium,59,6,22,8
112,478130_4419430_2_13,brown dark medium-3,brown,dark medium-3,dark medium,13,1,12,3
113,478130_4419430_2_14,brown dark coarse-1,brown,dark coarse-1,dark coarse,6,1,5,1
114,478130_4419430_2_15,black fine,black,fine,fine,1,0,13,4
115,478130_4419430_2_16,brown light medium-1,brown,light medium-1,light medium,18,1,19,7
116,478130_4419430_2_17,brown light medium-2,brown,light medium-2,light medium,19,1,20,7
117,478130_4419430_2_18,brown dark medium-3,brown,dark medium-3,dark medium,13,1,12,3
118,478130_4419430_2_19,reddish medium-1,reddish,medium-1,medium,76,5,23,8
119,478130_4419430_2_20,black medium,black,medium,medium,2,0,22,8
120,478130_4419430_2_21,reddish brown medium,reddish brown,medium,medium,59,6,22,8
121,478130_4419430_2_22,brown dark medium-1,brown,dark medium-1,dark medium,11,1,10,3
122,478130_4419430_2_23,reddish medium-2,reddish,medium-2,medium,77,5,24,8
123,478130_4419430_2_24,reddish medium-1,reddish,medium-1,medium,76,5,23,8
124,478130_4419430_2_25,slipped grey medium,slipped grey,medium,medium,80,10,22,8
125,478130_4419430_2_26,reddish brown medium,reddish brown,medium,medium,59,6,22,8
126,478130_4419430_2_27,brown light medium-1,brown,light medium-1,light medium,18,1,19,7
127,478130_4419430_2_28,reddish brown medium,reddish brown,medium,medium,59,6,22,8
128,478130_4419430_2_29,brown dark coarse-3,brown,dark coarse-3,dark coarse,8,1,7,1
129,478130_4419430_2_30,brown light medium-1,brown,light medium-1,light medium,18,1,19,7
130,478130_4419430_2_31,brown medium-1,brown,medium-1,medium,22,1,23,8
131,478130_4419430_2_32,grey fine,grey,fine,fine,38,3,13,4
132,478130_4419430_2_33,reddish brown medium-1,reddish brown,medium-1,medium,60,6,23,8
133,478130_4419430_2_34,brown dark medium-3,brown,dark medium-3,dark medium,13,1,12,3
134,478130_4419430_2_35,brown dark medium-3,brown,dark medium-3,dark medium,13,1,12,3
135,478130_4419430_2_36,brown medium-3,brown,medium-3,medium,24,1,25,8
136,478130_4419430_2_37,brown light coarse-2,brown,light coarse-2,light coarse,16,1,16,5
137,478130_4419430_2_38,brown dark medium-3,brown,dark medium-3,dark medium,13,1,12,3
138,478130_4419430_2_39,reddish brown medium,reddish brown,medium,medium,59,6,22,8
139,478130_4419430_2_40,brown dark medium-3,brown,dark medium-3,dark medium,13,1,12,3
140,478130_4419430_2_41,reddish brown coarse,reddish brown,coarse,coarse,48,6,0,0
141,478130_4419430_2_42,brown medium-1,brown,medium-1,medium,22,1,23,8
142,478130_4419430_2_43,grey fine,grey,fine,fine,38,3,13,4
143,478130_4419430_2_44,brown dark medium-3,brown,dark medium-3,dark medium,13,1,12,3
144,478130_4419430_2_45,reddish yellow medium,reddish yellow,medium,medium,79,9,22,8
145,478130_4419430_2_46,brown light coarse-1,brown,light coarse-1,light coarse,15,1,15,5
146,478130_4419430_2_47,brown dark medium,brown,dark medium,dark medium,10,1,9,3
147,478130_4419430_2_48,brown dark fine,brown,dark fine,dark fine,9,1,8,2
148,478130_4419430_2_49,brown dark fine,brown,dark fine,dark fine,9,1,8,2
149,478130_4419430_2_50,brown dark fine,brown,dark fine,dark fine,9,1,8,2
150,478130_4419430_2_51,brown medium-2,brown,medium-2,medium,23,1,24,8
151,478130_4419430_2_52,brown dark coarse-1,brown,dark coarse-1,dark coarse,6,1,5,1
152,478130_4419430_2_53,reddish medium,reddish,medium,medium,75,5,22,8
153,478130_4419430_2_54,brown dark coarse-1,brown,dark coarse-1,dark coarse,6,1,5,1
154,478130_4419430_2_55,grey medium,grey,medium,medium,39,3,22,8
155,478130_4419430_2_56,grey fine,grey,fine,fine,38,3,13,4
156,478130_4419430_2_57,brown light medium-2,brown,light medium-2,light medium,19,1,20,7
157,478130_4419430_2_58,brown fine,brown,fine,fine,14,1,13,4
158,478130_4419430_2_59,reddish brown medium-1,reddish brown,medium-1,medium,60,6,23,8
159,478130_4419430_2_60,brown dark medium,brown,dark medium,dark medium,10,1,9,3
160,478130_4419430_2_61,reddish yellow medium,reddish yellow,medium,medium,79,9,22,8
161,478130_4419430_2_62,brown light coarse-2,brown,light coarse-2,light coarse,16,1,16,5
162,478130_4419430_2_63,brown light medium-2,brown,light medium-2,light medium,19,1,20,7
163,478130_4419430_2_64,brown light medium-2,brown,light medium-2,light medium,19,1,20,7
164,478130_4419430_2_65,reddish brown medium-1,reddish brown,medium-1,medium,60,6,23,8
165,478130_4419430_2_66,reddish medium,reddish,medium,medium,75,5,22,8
166,478130_4419430_2_67,reddish brown medium,reddish brown,medium,medium,59,6,22,8
167,478130_4419430_2_68,reddish light medium,reddish,light medium,light medium,73,5,18,7
168,478130_4419430_2_69,grey fine,grey,fine,fine,38,3,13,4
169,478130_4419430_2_70,grey fine,grey,fine,fine,38,3,13,4
170,478130_4419430_2_71,reddish brown medium-1,reddish brown,medium-1,medium,60,6,23,8
171,478130_4419430_2_72,grey fine,grey,fine,fine,38,3,13,4
172,478130_4419430_2_73,reddish brown fine,reddish brown,fine,fine,57,6,13,4
173,478130_4419430_2_74,brown medium-1,brown,medium-1,medium,22,1,23,8
174,478130_4419430_2_75,brown coarse-1,brown,coarse-1,coarse,3,1,1,0
175,478130_4419430_2_76,reddish brown medium-1,reddish brown,medium-1,medium,60,6,23,8
176,478130_4419430_2_77,reddish coarse,reddish,coarse,coarse,63,5,0,0
177,478130_4419430_2_78,reddish yellow medium,reddish yellow,medium,medium,79,9,22,8
178,478130_4419430_2_79,creamy medium,creamy,medium,medium,26,2,22,8
179,478130_4419430_2_80,brown dark medium-2,brown,dark medium-2,dark medium,12,1,11,3
180,478130_4419430_2_81,reddish light medium,reddish,light medium,light medium,73,5,18,7
181,478130_4419430_2_82,reddish dark brown medium-1,reddish dark brown,medium-1,medium,66,7,23,8
182,478130_4419430_2_83,brown medium-1,brown,medium-1,medium,22,1,23,8
183,478130_4419430_2_84,grey dark fine,grey,dark fine,dark fine,35,3,8,2
184,478130_4419430_2_85,yellowish brown medium,yellowish brown,medium,medium,84,12,22,8
185,478130_4419430_2_86,black fine,black,fine,fine,1,0,13,4
186,478130_4419430_2_87,brown light medium-1,brown,light medium-1,light medium,18,1,19,7
187,478130_4419430_2_88,brown dark medium-3,brown,dark medium-3,dark medium,13,1,12,3
188,478130_4419430_2_89,reddish brown medium,reddish brown,medium,medium,59,6,22,8
189,478130_4419430_2_90,brown dark medium-3,brown,dark medium-3,dark medium,13,1,12,3
190,478130_4419430_2_91,brown dark medium-2,brown,dark medium-2,dark medium,12,1,11,3
191,478130_4419430_2_92,reddish brown medium-1,reddish brown,medium-1,medium,60,6,23,8
192,478130_4419430_2_93,brown light medium-1,brown,light medium-1,light medium,18,1,19,7
193,478130_4419430_2_94,reddish dark brown medium,reddish dark brown,medium,medium,65,7,22,8
194,478130_4419430_2_95,brown dark medium-2,brown,dark medium-2,dark medium,12,1,11,3
195,478130_4419430_2_96,yellowish brown medium,yellowish brown,medium,medium,84,12,22,8
196,478130_4419430_2_97,brown dark medium-1,brown,dark medium-1,dark medium,11,1,10,3
197,478130_4419430_2_98,brown dark medium-3,brown,dark medium-3,dark medium,13,1,12,3
198,478130_4419430_2_99,orange coarse,orange,coarse,coarse,42,4,0,0
199,478130_4419430_2_100,creamy fine,creamy,fine,fine,25,2,13,4
200,478130_4419430_2_101,grey dark medium,grey,dark medium,dark medium,36,3,9,3
201,478130_4419430_2_102,grey fine,grey,fine,fine,38,3,13,4
202,478130_4419430_2_103,grey dark medium,grey,dark medium,dark medium,36,3,9,3
203,478130_4419430_2_104,creamy fine,creamy,fine,fine,25,2,13,4
204,478130_4419430_2_105,reddish medium-2,reddish,medium-2,medium,77,5,24,8
205,478130_4419430_2_106,brown medium-1,brown,medium-1,medium,22,1,23,8
206,478130_4419430_2_107,brown medium-1,brown,medium-1,medium,22,1,23,8
207,478130_4419430_2_108,reddish coarse,reddish,coarse,coarse,63,5,0,0
208,478130_4419430_2_109,grey coarse,grey,coarse,coarse,28,3,0,0
209,478130_4419430_2_110,brown light medium-1,brown,light medium-1,light medium,18,1,19,7
210,478130_4419430_2_111,reddish coarse,reddish,coarse,coarse,63,5,0,0
211,478130_4419430_2_112,brown light medium-1,brown,light medium-1,light medium,18,1,19,7
212,478130_4419430_2_113,brown dark medium-3,brown,dark medium-3,dark medium,13,1,12,3
213,478130_4419430_2_114,brown dark fine,brown,dark fine,dark fine,9,1,8,2
214,478130_4419430_2_115,reddish brown medium,reddish brown,medium,medium,59,6,22,8
215,478130_4419430_2_116,reddish brown medium,reddish brown,medium,medium,59,6,22,8
216,478130_4419430_2_117,brown light coarse-1,brown,light coarse-1,light coarse,15,1,15,5
217,478130_4419430_2_118,brown light medium-1,brown,light medium-1,light medium,18,1,19,7
218,478130_4419430_2_119,brown light medium-1,brown,light medium-1,light medium,18,1,19,7
219,478130_4419430_2_120,orange coarse,orange,coarse,coarse,42,4,0,0
220,478130_4419430_2_121,grey medium,grey,medium,medium,39,3,22,8
221,478130_4419430_2_122,reddish brown coarse,reddish brown,coarse,coarse,48,6,0,0
222,478130_4419430_2_123,reddish dark brown medium-1,reddish dark brown,medium-1,medium,66,7,23,8
223,478130_4419430_2_124,brown dark medium-2,brown,dark medium-2,dark medium,12,1,11,3
224,478130_4419430_2_125,black fine,black,fine,fine,1,0,13,4
225,478130_4419430_2_126,reddish grey coarse,reddish grey,coarse,coarse,71,8,0,0
226,478130_4419430_2_127,reddish medium-2,reddish,medium-2,medium,77,5,24,8
227,478130_4419430_2_128,reddish brown medium,reddish brown,medium,medium,59,6,22,8
228,478130_4419430_2_129,black medium,black,medium,medium,2,0,22,8
229,478130_4419430_2_130,brown dark fine,brown,dark fine,dark fine,9,1,8,2
230,478130_4419430_2_131,black medium,black,medium,medium,2,0,22,8
231,478130_4419430_2_132,brown dark medium-1,brown,dark medium-1,dark medium,11,1,10,3
232,478130_4419430_2_133,grey fine,grey,fine,fine,38,3,13,4
233,478130_4419430_2_134,brown dark medium-2,brown,dark medium-2,dark medium,12,1,11,3
234,478130_4419430_2_135,reddish brown medium-1,reddish brown,medium-1,medium,60,6,23,8
235,478130_4419430_2_136,grey medium,grey,medium,medium,39,3,22,8
236,478130_4419430_2_137,creamy medium,creamy,medium,medium,26,2,22,8
237,478130_4419430_2_138,brown light medium-2,brown,light medium-2,light medium,19,1,20,7
238,478130_4419430_2_139,brown light medium-2,brown,light medium-2,light medium,19,1,20,7
239,478130_4419430_2_140,grey fine,grey,fine,fine,38,3,13,4
240,478130_4419430_2_141,grey fine,grey,fine,fine,38,3,13,4
241,478130_4419430_2_142,grey fine,grey,fine,fine,38,3,13,4
242,478130_4419430_2_143,brown dark fine,brown,dark fine,dark fine,9,1,8,2
243,478130_4419430_2_144,brown light medium-2,brown,light medium-2,light medium,19,1,20,7
244,478130_4419430_2_145,black medium,black,medium,medium,2,0,22,8
245,478130_4419430_2_146,black fine,black,fine,fine,1,0,13,4
246,478130_4419430_2_147,orange coarse,orange,coarse,coarse,42,4,0,0
247,478130_4419430_2_148,black medium,black,medium,medium,2,0,22,8
248,478130_4419430_2_149,grey fine,grey,fine,fine,38,3,13,4
249,478130_4419430_2_150,brown light medium-1,brown,light medium-1,light medium,18,1,19,7
250,478130_4419430_2_151,brown medium-1,brown,medium-1,medium,22,1,23,8
251,478130_4419430_2_152,brown light medium-1,brown,light medium-1,light medium,18,1,19,7
252,478130_4419430_2_153,reddish dark brown medium-1,reddish dark brown,medium-1,medium,66,7,23,8
253,478130_4419430_2_154,reddish brown coarse-1,reddish brown,coarse-1,coarse,49,6,1,0
254,478130_4419430_2_155,brown light medium-1,brown,light medium-1,light medium,18,1,19,7
255,478130_4419430_2_156,brown dark medium-1,brown,dark medium-1,dark medium,11,1,10,3
256,478130_4419430_2_157,brown light medium-2,brown,light medium-2,light medium,19,1,20,7
257,478130_4419430_2_158,reddish brown dark medium-1,reddish brown,dark medium-1,dark medium,55,6,10,3
258,478130_4419430_2_159,brown dark coarse-1,brown,dark coarse-1,dark coarse,6,1,5,1
259,478130_4419430_2_160,brown light coarse-1,brown,light coarse-1,light coarse,15,1,15,5
260,478130_4419430_2_161,brown light medium-1,brown,light medium-1,light medium,18,1,19,7
261,478130_4419430_2_162,reddish yellow medium,reddish yellow,medium,medium,79,9,22,8
262,478130_4419430_2_163,brown light medium-1,brown,light medium-1,light medium,18,1,19,7
263,478130_4419430_2_164,grey coarse,grey,coarse,coarse,28,3,0,0
264,478130_4419430_3_1,reddish medium,reddish,medium,medium,75,5,22,8
265,478130_4419430_3_4,orange light coarse,orange,light coarse,light coarse,44,4,14,5
266,478130_4419430_3_5,reddish brown dark coarse-1,reddish brown,dark coarse-1,dark coarse,52,6,5,1
267,478130_4419430_3_6,brown dark medium-1,brown,dark medium-1,dark medium,11,1,10,3
268,478130_4419430_3_7,yellowish brown medium-1,yellowish brown,medium-1,medium,85,12,23,8
269,478130_4419430_3_8,reddish light medium,reddish,light medium,light medium,73,5,18,7
270,478130_4419430_3_9,brown dark fine,brown,dark fine,dark fine,9,1,8,2
271,478130_4419430_3_10,reddish fine,reddish,fine,fine,70,5,13,4
272,478130_4419430_3_11,reddish brown dark fine,reddish brown,dark fine,dark fine,53,6,8,2
273,478130_4419430_3_12,orange light medium,orange,light medium,light medium,45,4,18,7
274,478130_4419430_3_13,grey dark medium,grey,dark medium,dark medium,36,3,9,3
275,478130_4419430_3_14,grey dark fine,grey,dark fine,dark fine,35,3,8,2
276,478130_4419430_3_15,brown medium-1,brown,medium-1,medium,22,1,23,8
277,478130_4419430_3_17,grey coarse-1,grey,coarse-1,coarse,29,3,1,0
278,478130_4419430_3_18,brown light coarse-2,brown,light coarse-2,light coarse,16,1,16,5
279,478130_4419430_3_19,reddish light medium,reddish,light medium,light medium,73,5,18,7
280,478130_4419430_3_20,brown fine,brown,fine,fine,14,1,13,4
281,478130_4419430_3_21,brown medium-1,brown,medium-1,medium,22,1,23,8
282,478130_4419430_3_22,grey medium,grey,medium,medium,39,3,22,8
283,478130_4419430_3_23,reddish medium-1,reddish,medium-1,medium,76,5,23,8
284,478130_4419430_3_24,brown light coarse-2,brown,light coarse-2,light coarse,16,1,16,5
285,478130_4419430_3_25,brown dark coarse-2,brown,dark coarse-2,dark coarse,7,1,6,1
286,478130_4419430_3_26,brown dark fine,brown,dark fine,dark fine,9,1,8,2
287,478130_4419430_3_27,brown dark coarse-1,brown,dark coarse-1,dark coarse,6,1,5,1
288,478130_4419430_3_28,brown dark fine,brown,dark fine,dark fine,9,1,8,2
289,478130_4419430_3_29,reddish brown fine,reddish brown,fine,fine,57,6,13,4
290,478130_4419430_3_30,black fine,black,fine,fine,1,0,13,4
291,478130_4419430_3_31,brown dark medium-2,brown,dark medium-2,dark medium,12,1,11,3
292,478130_4419430_3_32,grey medium,grey,medium,medium,39,3,22,8
293,478130_4419430_3_33,brown medium-1,brown,medium-1,medium,22,1,23,8
294,478130_4419430_3_34,brown dark medium-3,brown,dark medium-3,dark medium,13,1,12,3
295,478130_4419430_3_35,brown dark fine,brown,dark fine,dark fine,9,1,8,2
296,478130_4419430_3_36,brown fine,brown,fine,fine,14,1,13,4
297,478130_4419430_3_37,brown light medium-2,brown,light medium-2,light medium,19,1,20,7
298,478130_4419430_3_38,reddish brown dark medium,reddish brown,dark medium,dark medium,54,6,9,3
299,478130_4419430_3_39,brown dark coarse-1,brown,dark coarse-1,dark coarse,6,1,5,1
300,478130_4419430_3_40,brown light medium-2,brown,light medium-2,light medium,19,1,20,7
301,478130_4419430_3_41,brown dark fine,brown,dark fine,dark fine,9,1,8,2
302,478130_4419430_3_42,grey medium,grey,medium,medium,39,3,22,8
303,478130_4419430_3_43,brown coarse-1,brown,coarse-1,coarse,3,1,1,0
304,478130_4419430_3_44,reddish light medium,reddish,light medium,light medium,73,5,18,7
305,478130_4419430_3_45,brown dark coarse-2,brown,dark coarse-2,dark coarse,7,1,6,1
306,478130_4419430_3_46,brown dark coarse-1,brown,dark coarse-1,dark coarse,6,1,5,1
307,478130_4419430_3_47,reddish medium-1,reddish,medium-1,medium,76,5,23,8
308,478130_4419430_3_48,black medium,black,medium,medium,2,0,22,8
309,478130_4419430_3_49,brown dark medium-3,brown,dark medium-3,dark medium,13,1,12,3
310,478130_4419430_3_50,brown dark coarse-1,brown,dark coarse-1,dark coarse,6,1,5,1
311,478130_4419430_3_51,brown dark medium-1,brown,dark medium-1,dark medium,11,1,10,3
312,478130_4419430_3_52,brown light fine,brown,light fine,light fine,17,1,17,6
313,478130_4419430_3_53,brown light medium-2,brown,light medium-2,light medium,19,1,20,7
314,478130_4419430_3_54,brown medium-2,brown,medium-2,medium,23,1,24,8
315,478130_4419430_3_55,brown dark medium-1,brown,dark medium-1,dark medium,11,1,10,3
316,478130_4419430_3_56,orange medium,orange,medium,medium,46,4,22,8
317,478130_4419430_3_57,brown dark medium-1,brown,dark medium-1,dark medium,11,1,10,3
318,478130_4419430_3_58,reddish medium-2,reddish,medium-2,medium,77,5,24,8
319,478130_4419430_3_59,reddish coarse,reddish,coarse,coarse,63,5,0,0
320,478130_4419430_3_60,brown light coarse-1,brown,light coarse-1,light coarse,15,1,15,5
321,478130_4419430_3_61,reddish coarse,reddish,coarse,coarse,63,5,0,0
322,478130_4419430_3_62,orange coarse,orange,coarse,coarse,42,4,0,0
323,478130_4419430_3_63,brown light coarse-2,brown,light coarse-2,light coarse,16,1,16,5
324,478130_4419430_3_64,yellowish brown medium,yellowish brown,medium,medium,84,12,22,8
325,478130_4419430_3_65,orange coarse,orange,coarse,coarse,42,4,0,0
326,478130_4419430_3_66,reddish brown medium,reddish brown,medium,medium,59,6,22,8
327,478130_4419430_3_67,yellow brown coarse-2,yellow brown,coarse-2,coarse,82,11,2,0
328,478130_4419430_3_68,reddish brown medium,reddish brown,medium,medium,59,6,22,8
329,478130_4419430_3_69,reddish dark brown medium-1,reddish dark brown,medium-1,medium,66,7,23,8
330,478130_4419430_3_70,reddish brown dark fine,reddish brown,dark fine,dark fine,53,6,8,2
331,478130_4419430_3_71,reddish brown medium,reddish brown,medium,medium,59,6,22,8
332,478130_4419430_3_72,reddish medium-2,reddish,medium-2,medium,77,5,24,8
333,478130_4419430_3_73,reddish medium-1,reddish,medium-1,medium,76,5,23,8
334,478130_4419430_3_74,yellowish brown medium,yellowish brown,medium,medium,84,12,22,8
335,478130_4419430_3_75,yellowish brown medium,yellowish brown,medium,medium,84,12,22,8
336,478130_4419430_3_76,slipped grey medium,slipped grey,medium,medium,80,10,22,8
337,478130_4419430_3_77,yellowish brown medium,yellowish brown,medium,medium,84,12,22,8
338,478130_4419430_3_78,reddish medium,reddish,medium,medium,75,5,22,8
339,478130_4419430_3_79,reddish dark brown medium-1,reddish dark brown,medium-1,medium,66,7,23,8
340,478130_4419430_3_80,yellowish brown medium,yellowish brown,medium,medium,84,12,22,8
341,478130_4419430_3_81,reddish brown medium,reddish brown,medium,medium,59,6,22,8
342,478130_4419430_3_82,reddish brown medium,reddish brown,medium,medium,59,6,22,8
343,478130_4419430_3_83,reddish medium-2,reddish,medium-2,medium,77,5,24,8
344,478130_4419430_3_84,yellowish brown medium,yellowish brown,medium,medium,84,12,22,8
345,478130_4419430_3_85,brown dark medium-2,brown,dark medium-2,dark medium,12,1,11,3
346,478130_4419430_3_86,reddish medium,reddish,medium,medium,75,5,22,8
347,478130_4419430_3_87,yellow brown coarse-2,yellow brown,coarse-2,coarse,82,11,2,0
348,478130_4419430_3_88,reddish medium,reddish,medium,medium,75,5,22,8
349,478130_4419430_3_89,brown dark medium-1,brown,dark medium-1,dark medium,11,1,10,3
350,478130_4419430_3_90,yellowish brown medium,yellowish brown,medium,medium,84,12,22,8
351,478130_4419430_3_91,yellowish brown medium,yellowish brown,medium,medium,84,12,22,8
352,478130_4419430_3_92,reddish fine,reddish,fine,fine,70,5,13,4
353,478130_4419430_3_93,reddish yellow medium,reddish yellow,medium,medium,79,9,22,8
354,478130_4419430_3_94,yellowish brown medium,yellowish brown,medium,medium,84,12,22,8
355,478130_4419430_3_95,yellowish brown medium,yellowish brown,medium,medium,84,12,22,8
356,478130_4419430_3_96,reddish medium-2,reddish,medium-2,medium,77,5,24,8
357,478130_4419430_3_97,reddish medium-2,reddish,medium-2,medium,77,5,24,8
358,478130_4419430_3_98,yellowish brown medium,yellowish brown,medium,medium,84,12,22,8
359,478130_4419430_3_99,yellowish brown medium,yellowish brown,medium,medium,84,12,22,8
360,478130_4419430_3_100,yellow brown coarse-1,yellow brown,coarse-1,coarse,81,11,1,0
361,478130_4419430_3_101,brown light medium-2,brown,light medium-2,light medium,19,1,20,7
362,478130_4419430_3_102,brown light medium-2,brown,light medium-2,light medium,19,1,20,7
363,478130_4419430_3_103,reddish brown dark medium-2,reddish brown,dark medium-2,dark medium,56,6,11,3
364,478130_4419430_3_104,reddish brown medium-1,reddish brown,medium-1,medium,60,6,23,8
365,478130_4419430_3_105,yellow brown coarse-1,yellow brown,coarse-1,coarse,81,11,1,0
366,478130_4419430_3_106,reddish yellow medium,reddish yellow,medium,medium,79,9,22,8
367,478130_4419430_3_107,reddish brown medium-2,reddish brown,medium-2,medium,61,6,24,8
368,478130_4419430_3_108,yellowish brown medium,yellowish brown,medium,medium,84,12,22,8
369,478130_4419430_3_109,brown light medium-1,brown,light medium-1,light medium,18,1,19,7
370,478130_4419430_3_110,reddish brown medium-1,reddish brown,medium-1,medium,60,6,23,8
371,478130_4419430_3_111,reddish coarse,reddish,coarse,coarse,63,5,0,0
372,478130_4419430_3_112,yellow brown coarse-1,yellow brown,coarse-1,coarse,81,11,1,0
373,478130_4419430_3_113,reddish yellow medium,reddish yellow,medium,medium,79,9,22,8
374,478130_4419430_3_114,reddish light medium,reddish,light medium,light medium,73,5,18,7
375,478130_4419430_3_115,reddish dark brown medium-1,reddish dark brown,medium-1,medium,66,7,23,8
376,478130_4419430_3_116,reddish yellow medium,reddish yellow,medium,medium,79,9,22,8
377,478130_4419430_3_117,reddish dark brown medium-1,reddish dark brown,medium-1,medium,66,7,23,8
378,478130_4419430_3_118,brown fine,brown,fine,fine,14,1,13,4
379,478130_4419430_3_119,reddish brown medium-2,reddish brown,medium-2,medium,61,6,24,8
380,478130_4419430_3_120,orange coarse,orange,coarse,coarse,42,4,0,0
381,478130_4419430_3_121,brown medium-2,brown,medium-2,medium,23,1,24,8
382,478130_4419430_3_122,grey fine,grey,fine,fine,38,3,13,4
383,478130_4419430_3_123,brown dark medium-3,brown,dark medium-3,dark medium,13,1,12,3
384,478130_4419430_3_124,reddish brown dark medium,reddish brown,dark medium,dark medium,54,6,9,3
385,478130_4419430_3_125,grey dark medium,grey,dark medium,dark medium,36,3,9,3
386,478130_4419430_3_126,grey dark medium,grey,dark medium,dark medium,36,3,9,3
387,478130_4419430_3_127,brown dark coarse-2,brown,dark coarse-2,dark coarse,7,1,6,1
388,478130_4419430_3_128,brown medium-1,brown,medium-1,medium,22,1,23,8
389,478130_4419430_3_129,reddish medium-2,reddish,medium-2,medium,77,5,24,8
390,478130_4419430_3_130,reddish light medium-2,reddish,light medium-2,light medium,74,5,20,7
391,478130_4419430_3_131,brown dark medium-3,brown,dark medium-3,dark medium,13,1,12,3
392,478130_4419430_3_132,brown medium-1,brown,medium-1,medium,22,1,23,8
393,478130_4419430_3_133,brown light medium-2,brown,light medium-2,light medium,19,1,20,7
394,478130_4419430_3_134,grey dark medium,grey,dark medium,dark medium,36,3,9,3
395,478130_4419430_3_135,reddish brown medium-1,reddish brown,medium-1,medium,60,6,23,8
396,478130_4419430_3_136,brown dark medium-1,brown,dark medium-1,dark medium,11,1,10,3
397,478130_4419430_3_137,grey dark medium-1,grey,dark medium-1,dark medium,37,3,10,3
398,478130_4419430_3_138,grey fine,grey,fine,fine,38,3,13,4
399,478130_4419430_3_139,reddish brown coarse,reddish brown,coarse,coarse,48,6,0,0
400,478130_4419430_3_140,reddish brown dark coarse-1,reddish brown,dark coarse-1,dark coarse,52,6,5,1
401,478130_4419430_3_141,brown dark medium-1,brown,dark medium-1,dark medium,11,1,10,3
402,478130_4419430_3_142,grey coarse-1,grey,coarse-1,coarse,29,3,1,0
403,478130_4419430_3_143,yellowish brown medium,yellowish brown,medium,medium,84,12,22,8
404,478130_4419430_3_144,yellowish brown medium,yellowish brown,medium,medium,84,12,22,8
405,478130_4419430_3_145,reddish medium-1,reddish,medium-1,medium,76,5,23,8
406,478130_4419430_3_146,brown dark medium-1,brown,dark medium-1,dark medium,11,1,10,3
407,478130_4419430_3_147,black medium,black,medium,medium,2,0,22,8
408,478130_4419430_3_148,brown light medium-2,brown,light medium-2,light medium,19,1,20,7
409,478130_4419430_3_149,reddish brown medium-1,reddish brown,medium-1,medium,60,6,23,8
410,478130_4419430_3_150,brown dark medium-1,brown,dark medium-1,dark medium,11,1,10,3
411,478130_4419430_3_151,brown medium-2,brown,medium-2,medium,23,1,24,8
412,478130_4419430_3_152,yellowish brown medium,yellowish brown,medium,medium,84,12,22,8
413,478130_4419430_3_153,reddish brown dark coarse-1,reddish brown,dark coarse-1,dark coarse,52,6,5,1
414,478130_4419430_3_154,brown light medium-1,brown,light medium-1,light medium,18,1,19,7
415,478130_4419430_3_155,brown dark medium-1,brown,dark medium-1,dark medium,11,1,10,3
416,478130_4419430_3_156,grey dark fine,grey,dark fine,dark fine,35,3,8,2
417,478130_4419430_3_157,brown dark medium-3,brown,dark medium-3,dark medium,13,1,12,3
418,478130_4419430_3_158,brown light medium-2,brown,light medium-2,light medium,19,1,20,7
419,478130_4419430_3_159,grey fine,grey,fine,fine,38,3,13,4
420,478130_4419430_3_160,brown medium-1,brown,medium-1,medium,22,1,23,8
421,478130_4419430_3_161,brown dark medium-2,brown,dark medium-2,dark medium,12,1,11,3
422,478130_4419430_3_162,creamy fine,creamy,fine,fine,25,2,13,4
423,478130_4419430_3_163,reddish brown medium-1,reddish brown,medium-1,medium,60,6,23,8
424,478130_4419430_3_164,brown medium-1,brown,medium-1,medium,22,1,23,8
425,478130_4419430_3_165,brown dark medium-3,brown,dark medium-3,dark medium,13,1,12,3
426,478130_4419430_3_166,brown light medium-1,brown,light medium-1,light medium,18,1,19,7
427,478130_4419430_3_167,black fine,black,fine,fine,1,0,13,4
428,478130_4419430_3_168,yellowish brown medium-1,yellowish brown,medium-1,medium,85,12,23,8
429,478130_4419430_3_169,brown dark medium-1,brown,dark medium-1,dark medium,11,1,10,3
430,478130_4419430_3_170,creamy medium,creamy,medium,medium,26,2,22,8
431,478130_4419430_3_171,black medium,black,medium,medium,2,0,22,8
432,478130_4419430_3_172,brown fine,brown,fine,fine,14,1,13,4
433,478130_4419430_3_173,brown dark medium-1,brown,dark medium-1,dark medium,11,1,10,3
434,478130_4419430_3_174,grey medium,grey,medium,medium,39,3,22,8
435,478130_4419430_3_175,brown dark medium-3,brown,dark medium-3,dark medium,13,1,12,3
436,478130_4419430_3_176,brown light medium-2,brown,light medium-2,light medium,19,1,20,7
437,478130_4419430_3_177,brown dark fine,brown,dark fine,dark fine,9,1,8,2
438,478130_4419430_3_178,reddish brown dark medium,reddish brown,dark medium,dark medium,54,6,9,3
439,478130_4419430_3_179,brown dark fine,brown,dark fine,dark fine,9,1,8,2
440,478130_4419430_3_180,brown dark medium-1,brown,dark medium-1,dark medium,11,1,10,3
441,478130_4419430_3_181,brown light medium-1,brown,light medium-1,light medium,18,1,19,7
442,478130_4419430_3_182,grey coarse,grey,coarse,coarse,28,3,0,0
443,478130_4419430_3_183,reddish yellow coarse,reddish yellow,coarse,coarse,78,9,0,0
444,478130_4419430_3_184,reddish medium-2,reddish,medium-2,medium,77,5,24,8
445,478130_4419430_3_185,grey fine,grey,fine,fine,38,3,13,4
446,478130_4419430_3_186,brown light coarse-2,brown,light coarse-2,light coarse,16,1,16,5
447,478130_4419430_3_187,brown medium-2,brown,medium-2,medium,23,1,24,8
448,478130_4419430_3_188,brown dark medium-1,brown,dark medium-1,dark medium,11,1,10,3
449,478130_4419430_3_189,brown dark medium-1,brown,dark medium-1,dark medium,11,1,10,3
450,478130_4419430_3_190,grey medium,grey,medium,medium,39,3,22,8
451,478130_4419430_3_191,brown medium-1,brown,medium-1,medium,22,1,23,8
452,478130_4419430_3_192,brown dark medium-1,brown,dark medium-1,dark medium,11,1,10,3
453,478130_4419430_3_193,grey fine,grey,fine,fine,38,3,13,4
454,478130_4419430_3_194,brown dark medium-1,brown,dark medium-1,dark medium,11,1,10,3
455,478130_4419430_3_195,brown medium-1,brown,medium-1,medium,22,1,23,8
456,478130_4419430_3_196,brown medium-1,brown,medium-1,medium,22,1,23,8
457,478130_4419430_3_197,black fine,black,fine,fine,1,0,13,4
458,478130_4419430_3_198,grey medium-2,grey,medium-2,medium,40,3,24,8
459,478130_4419430_3_199,grey medium-2,grey,medium-2,medium,40,3,24,8
460,478130_4419430_3_200,reddish brown fine,reddish brown,fine,fine,57,6,13,4
461,478130_4419430_3_201,brown light medium-2,brown,light medium-2,light medium,19,1,20,7
462,478130_4419430_3_202,black medium,black,medium,medium,2,0,22,8
463,478130_4419430_3_203,brown dark medium,brown,dark medium,dark medium,10,1,9,3
464,478130_4419430_3_204,brown dark coarse-2,brown,dark coarse-2,dark coarse,7,1,6,1
465,478130_4419430_3_205,black medium,black,medium,medium,2,0,22,8
466,478130_4419430_3_206,brown medium-2,brown,medium-2,medium,23,1,24,8
467,478130_4419430_3_207,brown light medium-2,brown,light medium-2,light medium,19,1,20,7
468,478130_4419430_3_208,brown dark medium-3,brown,dark medium-3,dark medium,13,1,12,3
469,478130_4419430_3_209,black medium,black,medium,medium,2,0,22,8
470,478130_4419430_3_210,creamy fine,creamy,fine,fine,25,2,13,4
471,478130_4419430_3_211,black medium,black,medium,medium,2,0,22,8
472,478130_4419430_3_212,brown dark medium-2,brown,dark medium-2,dark medium,12,1,11,3
473,478130_4419430_3_213,reddish brown medium,reddish brown,medium,medium,59,6,22,8
474,478130_4419430_3_214,orange medium,orange,medium,medium,46,4,22,8
475,478130_4419430_3_215,brown light coarse-1,brown,light coarse-1,light coarse,15,1,15,5
476,478130_4419430_3_216,reddish brown coarse-2,reddish brown,coarse-2,coarse,50,6,2,0
477,478130_4419430_3_217,reddish brown medium,reddish brown,medium,medium,59,6,22,8
478,478130_4419430_3_218,orange medium,orange,medium,medium,46,4,22,8
479,478130_4419430_3_219,reddish coarse,reddish,coarse,coarse,63,5,0,0
480,478130_4419430_3_220,reddish light medium-2,reddish,light medium-2,light medium,74,5,20,7
481,478130_4419430_3_221,orange coarse,orange,coarse,coarse,42,4,0,0
482,478130_4419430_3_222,reddish fine,reddish,fine,fine,70,5,13,4
483,478130_4419430_3_223,grey dark medium,grey,dark medium,dark medium,36,3,9,3
484,478130_4419430_3_224,brown dark fine,brown,dark fine,dark fine,9,1,8,2
485,478130_4419430_3_225,grey dark fine,grey,dark fine,dark fine,35,3,8,2
486,478130_4419430_3_226,grey medium,grey,medium,medium,39,3,22,8
487,478130_4419430_3_227,creamy fine,creamy,fine,fine,25,2,13,4
488,478130_4419430_3_228,grey dark medium,grey,dark medium,dark medium,36,3,9,3
489,478130_4419430_3_229,brown dark medium-1,brown,dark medium-1,dark medium,11,1,10,3
490,478130_4419430_3_230,brown dark medium-1,brown,dark medium-1,dark medium,11,1,10,3
491,478130_4419430_3_231,brown dark medium-1,brown,dark medium-1,dark medium,11,1,10,3
492,478130_4419430_3_232,orange medium-2,orange,medium-2,medium,47,4,24,8
493,478130_4419430_3_233,reddish coarse,reddish,coarse,coarse,63,5,0,0
494,478130_4419430_3_234,reddish grey medium,reddish grey,medium,medium,72,8,22,8
495,478130_4419430_3_235,grey medium,grey,medium,medium,39,3,22,8
496,478130_4419430_3_236,reddish fine,reddish,fine,fine,70,5,13,4
497,478130_4419430_3_237,reddish coarse,reddish,coarse,coarse,63,5,0,0
498,478130_4419430_3_238,brown light medium-1,brown,light medium-1,light medium,18,1,19,7
499,478130_4419430_3_239,grey fine,grey,fine,fine,38,3,13,4
500,478130_4419430_3_240,yellowish brown medium,yellowish brown,medium,medium,84,12,22,8
501,478130_4419430_3_241,reddish brown medium-1,reddish brown,medium-1,medium,60,6,23,8
502,478130_4419430_3_242,grey dark medium,grey,dark medium,dark medium,36,3,9,3
503,478130_4419430_3_243,reddish brown coarse-2,reddish brown,coarse-2,coarse,50,6,2,0
504,478130_4419430_3_244,reddish coarse,reddish,coarse,coarse,63,5,0,0
505,478130_4419430_3_245,reddish brown medium-1,reddish brown,medium-1,medium,60,6,23,8
506,478130_4419430_3_246,brown light medium-1,brown,light medium-1,light medium,18,1,19,7
507,478130_4419430_3_247,yellowish brown medium,yellowish brown,medium,medium,84,12,22,8
508,478130_4419430_3_248,reddish brown medium-3,reddish brown,medium-3,medium,62,6,25,8
509,478130_4419430_3_249,orange light coarse,orange,light coarse,light coarse,44,4,14,5
510,478130_4419430_3_250,reddish brown medium,reddish brown,medium,medium,59,6,22,8
511,478130_4419430_3_251,grey dark medium,grey,dark medium,dark medium,36,3,9,3
512,478130_4419430_3_252,grey fine,grey,fine,fine,38,3,13,4
513,478130_4419430_3_253,yellowish brown medium,yellowish brown,medium,medium,84,12,22,8
514,478130_4419430_3_254,reddish brown medium-1,reddish brown,medium-1,medium,60,6,23,8
515,478130_4419430_3_255,grey medium,grey,medium,medium,39,3,22,8
516,478130_4419430_3_256,brown dark coarse-1,brown,dark coarse-1,dark coarse,6,1,5,1
517,478130_4419430_3_258,brown light medium-1,brown,light medium-1,light medium,18,1,19,7
518,478130_4419430_3_259,grey medium,grey,medium,medium,39,3,22,8
519,478130_4419430_3_260,brown dark medium-2,brown,dark medium-2,dark medium,12,1,11,3
520,478130_4419430_3_261,grey medium,grey,medium,medium,39,3,22,8
521,478130_4419430_3_262,brown light medium-1,brown,light medium-1,light medium,18,1,19,7
522,478130_4419430_3_263,reddish brown medium-1,reddish brown,medium-1,medium,60,6,23,8
523,478130_4419430_3_264,brown dark medium-2,brown,dark medium-2,dark medium,12,1,11,3
524,478130_4419430_3_265,black medium,black,medium,medium,2,0,22,8
525,478130_4419430_3_266,reddish coarse,reddish,coarse,coarse,63,5,0,0
526,478130_4419430_3_267,brown light medium-1,brown,light medium-1,light medium,18,1,19,7
527,478130_4419430_3_268,black fine,black,fine,fine,1,0,13,4
528,478130_4419430_3_269,black medium,black,medium,medium,2,0,22,8
529,478130_4419430_3_270,reddish medium,reddish,medium,medium,75,5,22,8
530,478130_4419430_3_271,reddish brown dark medium,reddish brown,dark medium,dark medium,54,6,9,3
531,478130_4419430_3_272,brown dark coarse-1,brown,dark coarse-1,dark coarse,6,1,5,1
532,478130_4419430_3_273,brown dark coarse-1,brown,dark coarse-1,dark coarse,6,1,5,1
533,478130_4419430_3_274,grey dark coarse-2,grey,dark coarse-2,dark coarse,34,3,6,1
534,478130_4419430_3_275,grey fine,grey,fine,fine,38,3,13,4
535,478130_4419430_3_276,brown dark coarse-1,brown,dark coarse-1,dark coarse,6,1,5,1
536,478130_4419430_3_277,brown dark medium-2,brown,dark medium-2,dark medium,12,1,11,3
537,478130_4419430_3_278,brown medium-1,brown,medium-1,medium,22,1,23,8
538,478130_4419430_3_279,brown light medium-1,brown,light medium-1,light medium,18,1,19,7
539,478130_4419430_3_280,reddish dark fine,reddish,dark fine,dark fine,68,5,8,2
540,478130_4419430_3_281,brown light medium-3,brown,light medium-3,light medium,20,1,21,7
541,478130_4419430_3_282,brown dark medium-1,brown,dark medium-1,dark medium,11,1,10,3
542,478130_4419430_3_283,brown dark medium-2,brown,dark medium-2,dark medium,12,1,11,3
543,478130_4419430_3_284,grey dark coarse,grey,dark coarse,dark coarse,32,3,4,1
544,478130_4419430_3_285,grey coarse,grey,coarse,coarse,28,3,0,0
545,478130_4419430_3_286,brown dark coarse,brown,dark coarse,dark coarse,5,1,4,1
546,478130_4419430_3_287,brown dark coarse-1,brown,dark coarse-1,dark coarse,6,1,5,1
547,478130_4419430_3_288,black fine,black,fine,fine,1,0,13,4
548,478130_4419430_3_289,brown light medium-1,brown,light medium-1,light medium,18,1,19,7
549,478130_4419430_3_290,brown dark coarse-1,brown,dark coarse-1,dark coarse,6,1,5,1
550,478130_4419430_3_291,reddish brown fine,reddish brown,fine,fine,57,6,13,4
551,478130_4419430_3_292,black coarse,black,coarse,coarse,0,0,0,0
552,478130_4419430_3_293,grey dark fine,grey,dark fine,dark fine,35,3,8,2
553,478130_4419430_3_294,brown light medium-1,brown,light medium-1,light medium,18,1,19,7
554,478130_4419430_3_295,brown dark medium-1,brown,dark medium-1,dark medium,11,1,10,3
555,478130_4419430_3_296,brown light medium-1,brown,light medium-1,light medium,18,1,19,7
556,478130_4419430_3_297,grey medium,grey,medium,medium,39,3,22,8
557,478130_4419430_3_298,slipped grey medium,slipped grey,medium,medium,80,10,22,8
558,478130_4419430_3_299,reddish brown medium-1,reddish brown,medium-1,medium,60,6,23,8
559,478130_4419430_3_300,brown light medium-1,brown,light medium-1,light medium,18,1,19,7
560,478130_4419430_3_301,brown light medium-1,brown,light medium-1,light medium,18,1,19,7
561,478130_4419430_3_302,reddish brown coarse-2,reddish brown,coarse-2,coarse,50,6,2,0
562,478130_4419430_3_303,brown medium-1,brown,medium-1,medium,22,1,23,8
563,478130_4419430_3_304,brown medium-1,brown,medium-1,medium,22,1,23,8
564,478130_4419430_3_305,grey medium,grey,medium,medium,39,3,22,8
565,478130_4419430_3_306,grey fine,grey,fine,fine,38,3,13,4
566,478130_4419430_3_307,grey fine,grey,fine,fine,38,3,13,4
567,478130_4419430_3_308,brown fine,brown,fine,fine,14,1,13,4
568,478130_4419430_3_309,brown dark fine,brown,dark fine,dark fine,9,1,8,2
569,478130_4419430_3_310,brown dark medium-1,brown,dark medium-1,dark medium,11,1,10,3
570,478130_4419430_3_311,brown dark medium-1,brown,dark medium-1,dark medium,11,1,10,3
571,478130_4419430_3_312,reddish coarse,reddish,coarse,coarse,63,5,0,0
572,478130_4419430_3_313,reddish coarse,reddish,coarse,coarse,63,5,0,0
573,478130_4419430_3_314,reddish medium-2,reddish,medium-2,medium,77,5,24,8
574,478130_4419430_3_315,reddish brown medium-1,reddish brown,medium-1,medium,60,6,23,8
575,478130_4419430_3_316,black fine,black,fine,fine,1,0,13,4
576,478130_4419430_3_317,grey medium,grey,medium,medium,39,3,22,8
577,478130_4419430_3_318,reddish brown medium-1,reddish brown,medium-1,medium,60,6,23,8
578,478130_4419430_3_319,yellowish brown medium,yellowish brown,medium,medium,84,12,22,8
579,478130_4419430_3_320,brown fine,brown,fine,fine,14,1,13,4
580,478130_4419430_3_321,brown medium,brown,medium,medium,21,1,22,8
581,478130_4419430_3_322,black coarse,black,coarse,coarse,0,0,0,0
582,478130_4419430_3_323,creamy medium,creamy,medium,medium,26,2,22,8
583,478130_4419430_3_324,grey medium,grey,medium,medium,39,3,22,8
584,478130_4419430_3_325,brown medium-1,brown,medium-1,medium,22,1,23,8
585,478130_4419430_3_326,grey medium,grey,medium,medium,39,3,22,8
586,478130_4419430_3_327,brown dark medium-1,brown,dark medium-1,dark medium,11,1,10,3
587,478130_4419430_3_328,black fine,black,fine,fine,1,0,13,4
588,478130_4419430_3_329,reddish medium-2,reddish,medium-2,medium,77,5,24,8
589,478130_4419430_3_330,reddish coarse-1,reddish,coarse-1,coarse,64,5,1,0
590,478130_4419430_3_331,reddish dark medium-2,reddish,dark medium-2,dark medium,69,5,11,3
591,478130_4419430_3_332,reddish medium-2,reddish,medium-2,medium,77,5,24,8
592,478130_4419430_3_333,reddish medium-2,reddish,medium-2,medium,77,5,24,8
593,478130_4419430_3_334,reddish medium-2,reddish,medium-2,medium,77,5,24,8
594,478130_4419430_3_335,yellowish brown medium,yellowish brown,medium,medium,84,12,22,8
595,478130_4419430_3_336,reddish brown coarse-1,reddish brown,coarse-1,coarse,49,6,1,0
596,478130_4419430_3_337,grey medium,grey,medium,medium,39,3,22,8
597,478130_4419430_3_338,brown light fine,brown,light fine,light fine,17,1,17,6
598,478130_4419430_3_339,grey fine,grey,fine,fine,38,3,13,4
599,478130_4419430_3_340,brown dark medium-2,brown,dark medium-2,dark medium,12,1,11,3
600,478130_4419430_3_341,grey fine,grey,fine,fine,38,3,13,4
601,478130_4419430_3_342,brown dark medium-3,brown,dark medium-3,dark medium,13,1,12,3
602,478130_4419430_3_343,yellow brown coarse-1,yellow brown,coarse-1,coarse,81,11,1,0
603,478130_4419430_3_344,yellow brown coarse-1,yellow brown,coarse-1,coarse,81,11,1,0
604,478130_4419430_3_345,brown dark medium-2,brown,dark medium-2,dark medium,12,1,11,3
605,478130_4419430_3_346,reddish brown light medium-1,reddish brown,light medium-1,light medium,58,6,19,7
606,478130_4419430_3_347,reddish medium-2,reddish,medium-2,medium,77,5,24,8
607,478130_4419430_3_348,reddish medium-2,reddish,medium-2,medium,77,5,24,8
608,478130_4419430_3_349,reddish coarse,reddish,coarse,coarse,63,5,0,0
609,478130_4419430_3_350,orange light medium,orange,light medium,light medium,45,4,18,7
610,478130_4419430_3_351,grey medium,grey,medium,medium,39,3,22,8
611,478130_4419430_3_352,brown dark medium-2,brown,dark medium-2,dark medium,12,1,11,3
612,478130_4419430_3_353,reddish medium-1,reddish,medium-1,medium,76,5,23,8
613,478130_4419430_3_354,reddish brown medium-1,reddish brown,medium-1,medium,60,6,23,8
614,478130_4419430_3_355,grey medium,grey,medium,medium,39,3,22,8
615,478130_4419430_3_356,reddish brown medium,reddish brown,medium,medium,59,6,22,8
616,478130_4419430_3_357,brown dark medium-2,brown,dark medium-2,dark medium,12,1,11,3
617,478130_4419430_3_358,slipped grey medium,slipped grey,medium,medium,80,10,22,8
618,478130_4419430_3_359,slipped grey medium,slipped grey,medium,medium,80,10,22,8
619,478130_4419430_3_360,brown light fine,brown,light fine,light fine,17,1,17,6
620,478130_4419430_3_361,yellowish brown dark coarse,yellowish brown,dark coarse,dark coarse,83,12,4,1
621,478130_4419430_3_362,brown light fine,brown,light fine,light fine,17,1,17,6
622,478130_4419430_3_363,grey medium,grey,medium,medium,39,3,22,8
623,478130_4419430_3_364,black fine,black,fine,fine,1,0,13,4
624,478130_4419430_3_365,brown dark medium-1,brown,dark medium-1,dark medium,11,1,10,3
625,478130_4419430_3_366,brown dark medium-1,brown,dark medium-1,dark medium,11,1,10,3
626,478130_4419430_3_367,reddish medium-1,reddish,medium-1,medium,76,5,23,8
627,478130_4419430_3_368,yellowish brown medium,yellowish brown,medium,medium,84,12,22,8
628,478130_4419430_3_369,brown dark medium-2,brown,dark medium-2,dark medium,12,1,11,3
629,478130_4419430_3_370,reddish brown medium,reddish brown,medium,medium,59,6,22,8
630,478130_4419430_3_371,reddish medium-1,reddish,medium-1,medium,76,5,23,8
631,478130_4419430_3_372,reddish brown medium-2,reddish brown,medium-2,medium,61,6,24,8
632,478130_4419430_3_373,reddish medium,reddish,medium,medium,75,5,22,8
633,478130_4419430_3_374,reddish medium-1,reddish,medium-1,medium,76,5,23,8
634,478130_4419430_3_375,reddish medium-1,reddish,medium-1,medium,76,5,23,8
635,478130_4419430_3_376,brown dark medium-2,brown,dark medium-2,dark medium,12,1,11,3
636,478130_4419430_3_377,reddish coarse,reddish,coarse,coarse,63,5,0,0
637,478130_4419430_3_378,yellowish brown medium,yellowish brown,medium,medium,84,12,22,8
638,478130_4419430_3_379,brown light medium-1,brown,light medium-1,light medium,18,1,19,7
639,478130_4419430_3_380,brown dark medium,brown,dark medium,dark medium,10,1,9,3
640,478130_4419430_3_381,grey fine,grey,fine,fine,38,3,13,4
641,478130_4419430_3_382,brown fine,brown,fine,fine,14,1,13,4
642,478130_4419430_3_383,reddish coarse,reddish,coarse,coarse,63,5,0,0
643,478130_4419430_3_384,brown dark medium-3,brown,dark medium-3,dark medium,13,1,12,3
644,478130_4419430_3_385,brown light fine,brown,light fine,light fine,17,1,17,6
645,478130_4419430_3_386,reddish fine,reddish,fine,fine,70,5,13,4
646,478130_4419430_3_387,black coarse,black,coarse,coarse,0,0,0,0
647,478130_4419430_3_388,orange medium,orange,medium,medium,46,4,22,8
648,478130_4419430_3_389,brown light fine,brown,light fine,light fine,17,1,17,6
649,478130_4419430_3_390,grey coarse-1,grey,coarse-1,coarse,29,3,1,0
650,478130_4419430_3_391,brown dark fine,brown,dark fine,dark fine,9,1,8,2
651,478130_4419430_3_392,grey medium,grey,medium,medium,39,3,22,8
652,478130_4419430_3_393,black fine,black,fine,fine,1,0,13,4
653,478130_4419430_3_394,grey medium,grey,medium,medium,39,3,22,8
654,478130_4419430_3_395,brown dark medium-2,brown,dark medium-2,dark medium,12,1,11,3
655,478130_4419430_3_396,grey medium,grey,medium,medium,39,3,22,8
656,478130_4419430_3_397,reddish brown medium,reddish brown,medium,medium,59,6,22,8
657,478130_4419430_3_398,brown coarse-1,brown,coarse-1,coarse,3,1,1,0
658,478130_4419430_3_399,grey fine,grey,fine,fine,38,3,13,4
659,478130_4419430_3_400,reddish dark brown medium-1,reddish dark brown,medium-1,medium,66,7,23,8
660,478130_4419430_3_401,brown light fine,brown,light fine,light fine,17,1,17,6
661,478130_4419430_3_402,orange fine,orange,fine,fine,43,4,13,4
662,478130_4419430_3_403,brown dark medium-2,brown,dark medium-2,dark medium,12,1,11,3
663,478130_4419430_3_404,brown dark medium-2,brown,dark medium-2,dark medium,12,1,11,3
664,478130_4419430_3_405,reddish fine,reddish,fine,fine,70,5,13,4
665,478130_4419430_4_1,brown dark coarse-1,brown,dark coarse-1,dark coarse,6,1,5,1
666,478130_4419430_4_2,reddish light medium,reddish,light medium,light medium,73,5,18,7
667,478130_4419430_4_3,brown light medium-1,brown,light medium-1,light medium,18,1,19,7
668,478130_4419430_4_4,brown light medium-2,brown,light medium-2,light medium,19,1,20,7
669,478130_4419430_4_5,brown light coarse-2,brown,light coarse-2,light coarse,16,1,16,5
670,478130_4419430_4_6,brown light coarse-2,brown,light coarse-2,light coarse,16,1,16,5
671,478130_4419430_4_7,brown fine,brown,fine,fine,14,1,13,4
672,478130_4419430_4_8,glass,,,,27,13,26,9
673,478130_4419430_4_9,grey dark fine,grey,dark fine,dark fine,35,3,8,2
674,478130_4419430_4_10,reddish light medium,reddish,light medium,light medium,73,5,18,7
675,478130_4419430_4_11,brown medium-1,brown,medium-1,medium,22,1,23,8
676,478130_4419430_4_12,grey fine,grey,fine,fine,38,3,13,4
677,478130_4419430_4_13,brown medium-1,brown,medium-1,medium,22,1,23,8
678,478130_4419430_4_14,brown light medium-1,brown,light medium-1,light medium,18,1,19,7
679,478130_4419430_4_15,brown light medium-2,brown,light medium-2,light medium,19,1,20,7
680,478130_4419430_4_16,brown dark fine,brown,dark fine,dark fine,9,1,8,2
681,478130_4419430_4_17,reddish yellow medium,reddish yellow,medium,medium,79,9,22,8
682,478130_4419430_4_18,grey fine,grey,fine,fine,38,3,13,4
683,478130_4419430_4_19,brown dark coarse-2,brown,dark coarse-2,dark coarse,7,1,6,1
684,478130_4419430_4_20,brown fine,brown,fine,fine,14,1,13,4
685,478130_4419430_4_21,grey fine,grey,fine,fine,38,3,13,4
686,478130_4419430_4_22,reddish light medium,reddish,light medium,light medium,73,5,18,7
687,478130_4419430_4_23,creamy medium,creamy,medium,medium,26,2,22,8
688,478130_4419430_4_24,brown dark fine,brown,dark fine,dark fine,9,1,8,2
689,478130_4419430_4_25,brown dark coarse-1,brown,dark coarse-1,dark coarse,6,1,5,1
690,478130_4419430_4_26,reddish fine,reddish,fine,fine,70,5,13,4
691,478130_4419430_4_27,brown fine,brown,fine,fine,14,1,13,4
692,478130_4419430_4_28,brown light medium-2,brown,light medium-2,light medium,19,1,20,7
693,478130_4419430_4_29,reddish fine,reddish,fine,fine,70,5,13,4
694,478130_4419430_4_30,yellowish brown medium,yellowish brown,medium,medium,84,12,22,8
695,478130_4419430_4_31,brown dark medium-2,brown,dark medium-2,dark medium,12,1,11,3
696,478130_4419430_4_32,brown dark medium-1,brown,dark medium-1,dark medium,11,1,10,3
697,478130_4419430_4_33,reddish medium-2,reddish,medium-2,medium,77,5,24,8
698,478130_4419430_4_34,brown light medium-2,brown,light medium-2,light medium,19,1,20,7
699,478130_4419430_4_35,brown dark medium-1,brown,dark medium-1,dark medium,11,1,10,3
700,478130_4419430_5_1,brown medium-1,brown,medium-1,medium,22,1,23,8
701,478130_4419430_5_2,brown dark medium-1,brown,dark medium-1,dark medium,11,1,10,3
702,478130_4419430_5_3,reddish medium-2,reddish,medium-2,medium,77,5,24,8
703,478130_4419430_5_4,brown dark medium-1,brown,dark medium-1,dark medium,11,1,10,3
704,478130_4419430_5_5,grey dark medium,grey,dark medium,dark medium,36,3,9,3
705,478130_4419430_5_6,grey coarse,grey,coarse,coarse,28,3,0,0
706,478130_4419430_5_7,brown fine,brown,fine,fine,14,1,13,4
707,478130_4419430_5_8,brown dark medium-3,brown,dark medium-3,dark medium,13,1,12,3
708,478130_4419430_5_9,brown dark coarse-1,brown,dark coarse-1,dark coarse,6,1,5,1
709,478130_4419430_5_10,reddish medium-2,reddish,medium-2,medium,77,5,24,8
710,478130_4419430_5_11,grey fine,grey,fine,fine,38,3,13,4
711,478130_4419430_5_12,brown light medium-2,brown,light medium-2,light medium,19,1,20,7
712,478130_4419430_5_13,grey medium,grey,medium,medium,39,3,22,8
713,478130_4419430_5_14,grey fine,grey,fine,fine,38,3,13,4
714,478130_4419430_5_15,yellowish brown medium,yellowish brown,medium,medium,84,12,22,8
715,478130_4419430_5_16,yellow brown coarse-1,yellow brown,coarse-1,coarse,81,11,1,0
716,478130_4419430_5_17,brown coarse-2,brown,coarse-2,coarse,4,1,2,0
717,478130_4419430_5_18,reddish medium-2,reddish,medium-2,medium,77,5,24,8
718,478130_4419430_5_19,yellow brown coarse-1,yellow brown,coarse-1,coarse,81,11,1,0
719,478130_4419430_5_20,grey medium,grey,medium,medium,39,3,22,8
720,478130_4419430_5_21,brown medium-1,brown,medium-1,medium,22,1,23,8
721,478130_4419430_5_22,grey medium,grey,medium,medium,39,3,22,8
722,478130_4419430_5_23,brown dark fine,brown,dark fine,dark fine,9,1,8,2
723,478130_4419430_5_24,grey medium,grey,medium,medium,39,3,22,8
724,478130_4419430_5_25,reddish medium-1,reddish,medium-1,medium,76,5,23,8
725,478130_4419430_5_27,grey fine,grey,fine,fine,38,3,13,4
726,478130_4419430_5_28,yellowish brown medium,yellowish brown,medium,medium,84,12,22,8
727,478130_4419430_5_29,reddish medium-1,reddish,medium-1,medium,76,5,23,8
728,478130_4419430_5_30,black coarse,black,coarse,coarse,0,0,0,0
729,478130_4419430_5_31,yellowish brown medium,yellowish brown,medium,medium,84,12,22,8
730,478130_4419430_5_32,reddish medium-2,reddish,medium-2,medium,77,5,24,8
731,478130_4419430_5_33,grey medium,grey,medium,medium,39,3,22,8
732,478130_4419430_5_34,slipped grey medium,slipped grey,medium,medium,80,10,22,8
733,478130_4419430_5_35,brown dark medium-1,brown,dark medium-1,dark medium,11,1,10,3
734,478130_4419430_5_36,brown dark medium-1,brown,dark medium-1,dark medium,11,1,10,3
735,478130_4419430_5_37,brown dark coarse-1,brown,dark coarse-1,dark coarse,6,1,5,1
736,478130_4419430_5_38,creamy medium,creamy,medium,medium,26,2,22,8
737,478130_4419430_5_39,brown medium-1,brown,medium-1,medium,22,1,23,8
738,478130_4419430_5_40,brown medium-1,brown,medium-1,medium,22,1,23,8
739,478130_4419430_5_41,reddish medium-2,reddish,medium-2,medium,77,5,24,8
740,478130_4419430_5_42,yellowish brown medium-1,yellowish brown,medium-1,medium,85,12,23,8
741,478130_4419430_5_43,yellowish brown medium,yellowish brown,medium,medium,84,12,22,8
742,478130_4419430_5_44,brown light coarse-2,brown,light coarse-2,light coarse,16,1,16,5
743,478130_4419430_5_45,creamy medium,creamy,medium,medium,26,2,22,8
744,478130_4419430_5_46,brown dark medium-1,brown,dark medium-1,dark medium,11,1,10,3
745,478130_4419430_5_47,grey medium,grey,medium,medium,39,3,22,8
746,478130_4419430_5_48,grey medium,grey,medium,medium,39,3,22,8
747,478130_4419430_5_49,reddish dark brown medium-1,reddish dark brown,medium-1,medium,66,7,23,8
748,478130_4419430_5_50,reddish medium-2,reddish,medium-2,medium,77,5,24,8
749,478130_4419430_5_51,brown light medium-2,brown,light medium-2,light medium,19,1,20,7
750,478130_4419430_5_52,reddish fine,reddish,fine,fine,70,5,13,4
751,478130_4419430_5_53,brown light medium-2,brown,light medium-2,light medium,19,1,20,7
752,478130_4419430_5_54,brown dark coarse-2,brown,dark coarse-2,dark coarse,7,1,6,1
753,478130_4419430_5_55,brown dark coarse-2,brown,dark coarse-2,dark coarse,7,1,6,1
754,478130_4419430_5_56,brown coarse-2,brown,coarse-2,coarse,4,1,2,0
755,478130_4419430_5_57,brown dark coarse-2,brown,dark coarse-2,dark coarse,7,1,6,1
756,478130_4419430_5_58,brown dark coarse-1,brown,dark coarse-1,dark coarse,6,1,5,1
757,478130_4419430_5_59,reddish brown medium-1,reddish brown,medium-1,medium,60,6,23,8
758,478130_4419430_5_60,brown light medium-1,brown,light medium-1,light medium,18,1,19,7
759,478130_4419430_5_61,reddish medium-1,reddish,medium-1,medium,76,5,23,8
760,478130_4419430_5_62,brown medium-1,brown,medium-1,medium,22,1,23,8
761,478130_4419430_5_63,yellow brown coarse-2,yellow brown,coarse-2,coarse,82,11,2,0
762,478130_4419430_5_64,creamy medium,creamy,medium,medium,26,2,22,8
763,478130_4419430_5_65,reddish dark brown medium-2,reddish dark brown,medium-2,medium,67,7,24,8
764,478130_4419430_5_66,reddish brown medium-1,reddish brown,medium-1,medium,60,6,23,8
765,478130_4419430_5_67,reddish medium-2,reddish,medium-2,medium,77,5,24,8
766,478130_4419430_5_68,brown medium,brown,medium,medium,21,1,22,8
767,478130_4419430_5_69,brown medium-2,brown,medium-2,medium,23,1,24,8
768,478130_4419430_5_70,brown dark medium-1,brown,dark medium-1,dark medium,11,1,10,3
769,478130_4419430_5_71,brown dark medium-2,brown,dark medium-2,dark medium,12,1,11,3
770,478130_4419430_5_72,brown light medium-1,brown,light medium-1,light medium,18,1,19,7
771,478130_4419430_5_73,grey medium,grey,medium,medium,39,3,22,8
772,478130_4419430_5_74,brown light coarse-2,brown,light coarse-2,light coarse,16,1,16,5
773,478130_4419430_5_75,brown dark fine,brown,dark fine,dark fine,9,1,8,2
774,478130_4419430_5_76,brown dark medium-1,brown,dark medium-1,dark medium,11,1,10,3
775,478130_4419430_5_77,brown dark medium-1,brown,dark medium-1,dark medium,11,1,10,3
776,478130_4419430_5_78,grey fine,grey,fine,fine,38,3,13,4
777,478130_4419430_5_79,brown medium-2,brown,medium-2,medium,23,1,24,8
778,478130_4419430_5_80,reddish dark brown medium-1,reddish dark brown,medium-1,medium,66,7,23,8
779,478130_4419430_5_81,grey medium,grey,medium,medium,39,3,22,8
780,478130_4419430_5_82,grey medium,grey,medium,medium,39,3,22,8
781,478130_4419430_5_83,brown medium-1,brown,medium-1,medium,22,1,23,8
782,478130_4419430_5_84,reddish dark brown medium-1,reddish dark brown,medium-1,medium,66,7,23,8
783,478130_4419430_5_85,reddish brown coarse-1,reddish brown,coarse-1,coarse,49,6,1,0
784,478130_4419430_5_86,grey medium,grey,medium,medium,39,3,22,8
785,478130_4419430_5_87,yellowish brown medium,yellowish brown,medium,medium,84,12,22,8
786,478130_4419430_5_88,brown light medium-2,brown,light medium-2,light medium,19,1,20,7
787,478130_4419430_5_89,brown medium-2,brown,medium-2,medium,23,1,24,8
788,478130_4419430_5_90,creamy fine,creamy,fine,fine,25,2,13,4
789,478130_4419430_5_91,reddish yellow medium,reddish yellow,medium,medium,79,9,22,8
790,478130_4419430_5_92,reddish yellow medium,reddish yellow,medium,medium,79,9,22,8
791,478130_4419430_5_93,black medium,black,medium,medium,2,0,22,8
792,478130_4419430_5_94,brown light medium-1,brown,light medium-1,light medium,18,1,19,7
793,478130_4419430_5_95,reddish yellow medium,reddish yellow,medium,medium,79,9,22,8
794,478130_4419430_5_96,brown dark coarse-1,brown,dark coarse-1,dark coarse,6,1,5,1
795,478130_4419430_5_97,brown dark coarse-1,brown,dark coarse-1,dark coarse,6,1,5,1
796,478130_4419430_5_98,brown light medium-1,brown,light medium-1,light medium,18,1,19,7
797,478130_4419430_5_99,grey dark medium,grey,dark medium,dark medium,36,3,9,3
798,478130_4419430_5_100,brown light medium-1,brown,light medium-1,light medium,18,1,19,7
799,478130_4419430_5_101,reddish brown coarse-1,reddish brown,coarse-1,coarse,49,6,1,0
800,478130_4419430_5_102,reddish yellow medium,reddish yellow,medium,medium,79,9,22,8
801,478130_4419430_5_103,grey dark medium,grey,dark medium,dark medium,36,3,9,3
802,478130_4419430_5_104,grey coarse-2,grey,coarse-2,coarse,30,3,2,0
803,478130_4419430_5_105,grey dark fine,grey,dark fine,dark fine,35,3,8,2
804,478130_4419430_5_106,reddish medium-2,reddish,medium-2,medium,77,5,24,8
805,478130_4419430_5_107,black coarse,black,coarse,coarse,0,0,0,0
806,478130_4419430_5_108,grey medium,grey,medium,medium,39,3,22,8
807,478130_4419430_5_109,brown light medium-1,brown,light medium-1,light medium,18,1,19,7
808,478130_4419430_5_110,brown light medium-1,brown,light medium-1,light medium,18,1,19,7
809,478130_4419430_5_111,slipped grey medium,slipped grey,medium,medium,80,10,22,8
810,478130_4419430_5_112,brown light medium-1,brown,light medium-1,light medium,18,1,19,7
811,478130_4419430_5_113,yellowish brown medium,yellowish brown,medium,medium,84,12,22,8
812,478130_4419430_5_114,brown fine,brown,fine,fine,14,1,13,4
813,478130_4419430_5_115,brown dark coarse-1,brown,dark coarse-1,dark coarse,6,1,5,1
814,478130_4419430_5_116,grey dark fine,grey,dark fine,dark fine,35,3,8,2
815,478130_4419430_5_117,yellowish brown medium,yellowish brown,medium,medium,84,12,22,8
816,478130_4419430_5_118,reddish brown medium-1,reddish brown,medium-1,medium,60,6,23,8
817,478130_4419430_5_119,yellow brown coarse-1,yellow brown,coarse-1,coarse,81,11,1,0
818,478130_4419430_5_120,brown dark medium-3,brown,dark medium-3,dark medium,13,1,12,3
819,478130_4419430_5_121,reddish brown medium-1,reddish brown,medium-1,medium,60,6,23,8
820,478130_4419430_5_122,brown dark medium-1,brown,dark medium-1,dark medium,11,1,10,3
821,478130_4419430_5_123,reddish medium-2,reddish,medium-2,medium,77,5,24,8
822,478130_4419430_5_124,black fine,black,fine,fine,1,0,13,4
823,478130_4419430_5_125,brown dark medium-1,brown,dark medium-1,dark medium,11,1,10,3
824,478130_4419430_5_126,grey dark medium,grey,dark medium,dark medium,36,3,9,3
825,478130_4419430_5_127,grey dark fine,grey,dark fine,dark fine,35,3,8,2
826,478130_4419430_5_128,grey dark medium,grey,dark medium,dark medium,36,3,9,3
827,478130_4419430_5_129,black medium,black,medium,medium,2,0,22,8
828,478130_4419430_5_130,grey dark fine,grey,dark fine,dark fine,35,3,8,2
829,478130_4419430_5_131,grey dark fine,grey,dark fine,dark fine,35,3,8,2
830,478130_4419430_5_132,grey dark medium,grey,dark medium,dark medium,36,3,9,3
831,478130_4419430_5_133,black fine,black,fine,fine,1,0,13,4
832,478130_4419430_5_134,black fine,black,fine,fine,1,0,13,4
833,478130_4419430_5_135,grey dark fine,grey,dark fine,dark fine,35,3,8,2
834,478130_4419430_5_136,brown dark medium-2,brown,dark medium-2,dark medium,12,1,11,3
835,478130_4419430_5_137,grey dark coarse-1,grey,dark coarse-1,dark coarse,33,3,5,1
836,478130_4419430_5_138,brown light medium-1,brown,light medium-1,light medium,18,1,19,7
837,478130_4419430_5_139,brown dark coarse-1,brown,dark coarse-1,dark coarse,6,1,5,1
838,478130_4419430_5_140,grey dark medium,grey,dark medium,dark medium,36,3,9,3
839,478130_4419430_5_141,brown dark coarse-2,brown,dark coarse-2,dark coarse,7,1,6,1
840,478130_4419430_5_142,grey dark fine,grey,dark fine,dark fine,35,3,8,2
841,478130_4419430_5_143,grey fine,grey,fine,fine,38,3,13,4
842,478130_4419430_5_144,brown dark medium-1,brown,dark medium-1,dark medium,11,1,10,3
843,478130_4419430_5_145,brown fine,brown,fine,fine,14,1,13,4
844,478130_4419430_5_146,brown dark medium-2,brown,dark medium-2,dark medium,12,1,11,3
845,478130_4419430_5_147,grey dark medium,grey,dark medium,dark medium,36,3,9,3
846,478130_4419430_5_148,brown light coarse-1,brown,light coarse-1,light coarse,15,1,15,5
847,478130_4419430_5_149,grey dark medium,grey,dark medium,dark medium,36,3,9,3
848,478130_4419430_5_150,black medium,black,medium,medium,2,0,22,8
849,478130_4419430_5_151,brown light medium-1,brown,light medium-1,light medium,18,1,19,7
850,478130_4419430_5_152,brown dark medium-1,brown,dark medium-1,dark medium,11,1,10,3
851,478130_4419430_5_153,brown light coarse-2,brown,light coarse-2,light coarse,16,1,16,5
852,478130_4419430_5_154,grey dark medium,grey,dark medium,dark medium,36,3,9,3
853,478130_4419430_5_155,reddish brown medium-2,reddish brown,medium-2,medium,61,6,24,8
854,478130_4419430_5_156,brown light coarse-1,brown,light coarse-1,light coarse,15,1,15,5
855,478130_4419430_5_157,black medium,black,medium,medium,2,0,22,8
856,478130_4419430_5_158,brown dark medium-2,brown,dark medium-2,dark medium,12,1,11,3
857,478130_4419430_5_159,brown medium-2,brown,medium-2,medium,23,1,24,8
858,478130_4419430_5_160,slipped grey medium,slipped grey,medium,medium,80,10,22,8
859,478130_4419430_5_161,yellowish brown medium,yellowish brown,medium,medium,84,12,22,8
860,478130_4419430_5_162,grey medium,grey,medium,medium,39,3,22,8
861,478130_4419430_5_163,grey fine,grey,fine,fine,38,3,13,4
862,478130_4419430_5_164,brown medium-1,brown,medium-1,medium,22,1,23,8
863,478130_4419430_5_165,grey medium,grey,medium,medium,39,3,22,8
864,478130_4419430_5_166,reddish grey coarse,reddish grey,coarse,coarse,71,8,0,0
865,478130_4419430_5_167,brown light medium-1,brown,light medium-1,light medium,18,1,19,7
866,478130_4419430_5_168,brown dark coarse-1,brown,dark coarse-1,dark coarse,6,1,5,1
867,478130_4419430_5_169,brown dark medium-1,brown,dark medium-1,dark medium,11,1,10,3
868,478130_4419430_5_170,yellow brown coarse-1,yellow brown,coarse-1,coarse,81,11,1,0
869,478130_4419430_5_171,grey fine,grey,fine,fine,38,3,13,4
870,478130_4419430_5_172,reddish fine,reddish,fine,fine,70,5,13,4
871,478130_4419430_5_173,grey dark medium,grey,dark medium,dark medium,36,3,9,3
872,478130_4419430_5_174,grey medium,grey,medium,medium,39,3,22,8
873,478130_4419430_5_175,brown fine,brown,fine,fine,14,1,13,4
874,478130_4419430_5_176,grey fine,grey,fine,fine,38,3,13,4
875,478130_4419430_5_177,grey dark medium,grey,dark medium,dark medium,36,3,9,3
876,478130_4419430_5_178,grey dark medium,grey,dark medium,dark medium,36,3,9,3
877,478130_4419430_5_179,brown dark medium-2,brown,dark medium-2,dark medium,12,1,11,3
878,478130_4419430_5_180,slipped grey medium,slipped grey,medium,medium,80,10,22,8
879,478130_4419430_5_181,brown light medium-1,brown,light medium-1,light medium,18,1,19,7
880,478130_4419430_5_182,brown light medium-1,brown,light medium-1,light medium,18,1,19,7
881,478130_4419430_5_183,grey dark medium,grey,dark medium,dark medium,36,3,9,3
882,478130_4419430_5_184,grey dark medium,grey,dark medium,dark medium,36,3,9,3
883,478130_4419430_5_185,brown medium-1,brown,medium-1,medium,22,1,23,8
884,478130_4419430_5_186,reddish medium-2,reddish,medium-2,medium,77,5,24,8
885,478130_4419430_5_187,black medium,black,medium,medium,2,0,22,8
886,478130_4419430_5_188,brown dark medium-3,brown,dark medium-3,dark medium,13,1,12,3
887,478130_4419430_5_189,reddish medium-1,reddish,medium-1,medium,76,5,23,8
888,478130_4419430_5_190,grey medium,grey,medium,medium,39,3,22,8
889,478130_4419430_5_191,reddish light medium,reddish,light medium,light medium,73,5,18,7
890,478130_4419430_5_192,grey medium,grey,medium,medium,39,3,22,8
891,478130_4419430_5_193,brown dark medium-1,brown,dark medium-1,dark medium,11,1,10,3
892,478130_4419430_5_194,grey coarse,grey,coarse,coarse,28,3,0,0
893,478130_4419430_5_195,brown dark medium-1,brown,dark medium-1,dark medium,11,1,10,3
894,478130_4419430_5_196,brown dark medium-3,brown,dark medium-3,dark medium,13,1,12,3
895,478130_4419430_5_197,grey medium,grey,medium,medium,39,3,22,8
896,478130_4419430_5_198,brown dark medium-1,brown,dark medium-1,dark medium,11,1,10,3
897,478130_4419430_6_1,brown light medium-2,brown,light medium-2,light medium,19,1,20,7
898,478130_4419430_6_2,brown dark medium-1,brown,dark medium-1,dark medium,11,1,10,3
899,478130_4419430_6_3,brown coarse-2,brown,coarse-2,coarse,4,1,2,0
900,478130_4419430_6_4,reddish brown medium-1,reddish brown,medium-1,medium,60,6,23,8
901,478130_4419430_6_5,yellowish brown medium,yellowish brown,medium,medium,84,12,22,8
902,478130_4419430_6_6,yellow brown coarse-2,yellow brown,coarse-2,coarse,82,11,2,0
903,478130_4419430_6_7,grey medium,grey,medium,medium,39,3,22,8
904,478130_4419430_6_8,brown dark medium-1,brown,dark medium-1,dark medium,11,1,10,3
905,478130_4419430_6_9,grey fine,grey,fine,fine,38,3,13,4
906,478130_4419430_6_10,reddish brown medium-2,reddish brown,medium-2,medium,61,6,24,8
907,478130_4419430_6_11,reddish yellow medium,reddish yellow,medium,medium,79,9,22,8
908,478130_4419430_6_12,reddish yellow coarse,reddish yellow,coarse,coarse,78,9,0,0
909,478130_4419430_6_13,reddish yellow coarse,reddish yellow,coarse,coarse,78,9,0,0
910,478130_4419430_6_14,reddish brown coarse-1,reddish brown,coarse-1,coarse,49,6,1,0
911,478130_4419430_6_15,brown dark medium-1,brown,dark medium-1,dark medium,11,1,10,3
912,478130_4419430_6_16,brown dark medium-1,brown,dark medium-1,dark medium,11,1,10,3
913,478130_4419430_6_17,brown dark medium-1,brown,dark medium-1,dark medium,11,1,10,3
914,478130_4419430_6_18,brown dark coarse-2,brown,dark coarse-2,dark coarse,7,1,6,1
915,478130_4419430_6_19,grey medium,grey,medium,medium,39,3,22,8
916,478130_4419430_6_20,brown fine,brown,fine,fine,14,1,13,4
917,478130_4419430_6_21,grey coarse,grey,coarse,coarse,28,3,0,0
918,478130_4419430_6_22,brown dark coarse-1,brown,dark coarse-1,dark coarse,6,1,5,1
919,478130_4419430_6_23,reddish brown medium-1,reddish brown,medium-1,medium,60,6,23,8
920,478130_4419430_6_24,grey medium,grey,medium,medium,39,3,22,8
921,478130_4419430_6_25,black coarse,black,coarse,coarse,0,0,0,0
922,478130_4419430_6_26,brown dark medium-1,brown,dark medium-1,dark medium,11,1,10,3
923,478130_4419430_6_27,brown medium-1,brown,medium-1,medium,22,1,23,8
924,478130_4419430_6_28,black medium,black,medium,medium,2,0,22,8
925,478130_4419430_6_29,black medium,black,medium,medium,2,0,22,8
926,478130_4419430_6_30,black coarse,black,coarse,coarse,0,0,0,0
927,478130_4419430_6_31,reddish brown medium-1,reddish brown,medium-1,medium,60,6,23,8
928,478130_4419430_6_32,grey coarse-2,grey,coarse-2,coarse,30,3,2,0
929,478130_4419430_6_33,brown dark medium-3,brown,dark medium-3,dark medium,13,1,12,3
930,478130_4419430_6_34,brown dark medium-2,brown,dark medium-2,dark medium,12,1,11,3
931,478130_4419430_6_35,black coarse,black,coarse,coarse,0,0,0,0
932,478130_4419430_6_36,brown dark medium-3,brown,dark medium-3,dark medium,13,1,12,3
933,478130_4419430_6_37,brown dark medium-1,brown,dark medium-1,dark medium,11,1,10,3
934,478130_4419430_6_38,brown medium-1,brown,medium-1,medium,22,1,23,8
935,478130_4419430_6_39,yellowish brown medium,yellowish brown,medium,medium,84,12,22,8
936,478130_4419430_6_40,black fine,black,fine,fine,1,0,13,4
937,478130_4419430_6_41,grey medium,grey,medium,medium,39,3,22,8
938,478130_4419430_6_42,black medium,black,medium,medium,2,0,22,8
939,478130_4419430_6_43,black medium,black,medium,medium,2,0,22,8
940,478130_4419430_6_44,grey medium,grey,medium,medium,39,3,22,8
941,478130_4419430_6_45,grey medium,grey,medium,medium,39,3,22,8
942,478130_4419430_6_46,reddish brown coarse-1,reddish brown,coarse-1,coarse,49,6,1,0
943,478130_4419430_6_47,grey coarse-3,grey,coarse-3,coarse,31,3,3,0
944,478130_4419430_6_48,brown light medium-2,brown,light medium-2,light medium,19,1,20,7
945,478130_4419430_8_1,brown medium-1,brown,medium-1,medium,22,1,23,8
946,478130_4419430_8_2,brown medium-1,brown,medium-1,medium,22,1,23,8
947,478130_4419430_8_3,yellowish brown medium,yellowish brown,medium,medium,84,12,22,8
948,478130_4419430_8_4,reddish brown medium-1,reddish brown,medium-1,medium,60,6,23,8
949,478130_4419430_8_5,brown dark medium-3,brown,dark medium-3,dark medium,13,1,12,3
950,478130_4419430_8_6,black medium,black,medium,medium,2,0,22,8
951,478130_4419430_8_7,brown dark coarse-1,brown,dark coarse-1,dark coarse,6,1,5,1
952,478130_4419430_8_8,yellow brown coarse-2,yellow brown,coarse-2,coarse,82,11,2,0
953,478130_4419430_8_9,reddish brown medium-2,reddish brown,medium-2,medium,61,6,24,8
954,478130_4419430_8_10,black coarse,black,coarse,coarse,0,0,0,0
955,478130_4419430_8_11,reddish fine,reddish,fine,fine,70,5,13,4
956,478130_4419430_8_12,grey medium,grey,medium,medium,39,3,22,8
957,478130_4419430_8_13,grey medium,grey,medium,medium,39,3,22,8
958,478130_4419430_8_14,reddish brown coarse-1,reddish brown,coarse-1,coarse,49,6,1,0
959,478130_4419430_8_15,grey medium,grey,medium,medium,39,3,22,8
960,478130_4419430_8_16,brown dark coarse-1,brown,dark coarse-1,dark coarse,6,1,5,1
961,478130_4419430_8_17,grey medium,grey,medium,medium,39,3,22,8
962,478130_4419430_8_18,grey fine,grey,fine,fine,38,3,13,4
963,478130_4419430_8_19,brown medium-2,brown,medium-2,medium,23,1,24,8
964,478130_4419430_8_20,brown dark coarse-2,brown,dark coarse-2,dark coarse,7,1,6,1
965,478130_4419430_8_21,black fine,black,fine,fine,1,0,13,4
966,478130_4419430_8_22,grey medium,grey,medium,medium,39,3,22,8
967,478130_4419430_8_23,brown dark medium-2,brown,dark medium-2,dark medium,12,1,11,3
968,478130_4419430_8_24,black medium,black,medium,medium,2,0,22,8
969,478130_4419430_8_25,reddish fine,reddish,fine,fine,70,5,13,4
970,478130_4419430_8_26,brown dark medium-3,brown,dark medium-3,dark medium,13,1,12,3
971,478130_4419430_8_27,brown dark medium-1,brown,dark medium-1,dark medium,11,1,10,3
972,478130_4419430_8_28,brown light medium-1,brown,light medium-1,light medium,18,1,19,7
973,478130_4419430_8_29,black fine,black,fine,fine,1,0,13,4
974,478130_4419430_8_30,grey medium,grey,medium,medium,39,3,22,8
975,478130_4419430_8_31,reddish brown medium-2,reddish brown,medium-2,medium,61,6,24,8
976,478130_4419430_8_32,brown dark medium-2,brown,dark medium-2,dark medium,12,1,11,3
977,478130_4419430_8_33,brown dark medium-2,brown,dark medium-2,dark medium,12,1,11,3
978,478130_4419430_8_34,grey medium,grey,medium,medium,39,3,22,8
979,478130_4419430_8_35,brown light medium-1,brown,light medium-1,light medium,18,1,19,7
980,478130_4419430_8_36,slipped grey medium,slipped grey,medium,medium,80,10,22,8
981,478130_4419430_8_37,yellow brown coarse-1,yellow brown,coarse-1,coarse,81,11,1,0
982,478130_4419430_8_38,brown medium-1,brown,medium-1,medium,22,1,23,8
983,478130_4419430_8_39,brown dark coarse-1,brown,dark coarse-1,dark coarse,6,1,5,1
984,478130_4419430_8_40,grey coarse-2,grey,coarse-2,coarse,30,3,2,0
985,478130_4419430_8_41,grey medium,grey,medium,medium,39,3,22,8
986,478130_4419430_8_42,grey medium,grey,medium,medium,39,3,22,8
987,478130_4419430_8_43,brown light medium-1,brown,light medium-1,light medium,18,1,19,7
988,478130_4419430_8_44,grey medium,grey,medium,medium,39,3,22,8
989,478130_4419430_8_45,reddish brown medium-1,reddish brown,medium-1,medium,60,6,23,8
990,478130_4419430_8_46,brown dark medium-1,brown,dark medium-1,dark medium,11,1,10,3
991,478130_4419430_8_47,brown light medium-2,brown,light medium-2,light medium,19,1,20,7
992,478130_4419430_8_48,grey medium,grey,medium,medium,39,3,22,8
993,478130_4419430_8_49,grey medium,grey,medium,medium,39,3,22,8
994,478130_4419430_8_50,black medium,black,medium,medium,2,0,22,8
995,478130_4419430_8_51,grey fine,grey,fine,fine,38,3,13,4
996,478130_4419430_8_52,brown dark coarse-1,brown,dark coarse-1,dark coarse,6,1,5,1
997,478130_4419430_8_53,grey medium,grey,medium,medium,39,3,22,8
998,478130_4419430_8_54,brown dark coarse-2,brown,dark coarse-2,dark coarse,7,1,6,1
999,478130_4419430_8_55,brown dark medium-1,brown,dark medium-1,dark medium,11,1,10,3
1000,478130_4419430_8_56,grey medium,grey,medium,medium,39,3,22,8
1001,478130_4419430_8_57,grey medium,grey,medium,medium,39,3,22,8
1002,478130_4419430_8_58,grey dark medium,grey,dark medium,dark medium,36,3,9,3
1003,478130_4419430_8_59,brown dark coarse-2,brown,dark coarse-2,dark coarse,7,1,6,1
1004,478130_4419430_8_60,brown dark coarse-1,brown,dark coarse-1,dark coarse,6,1,5,1
1005,478130_4419430_8_61,yellowish brown medium,yellowish brown,medium,medium,84,12,22,8
1006,478130_4419430_8_62,grey medium,grey,medium,medium,39,3,22,8
1007,478130_4419430_8_63,black fine,black,fine,fine,1,0,13,4
1008,478130_4419430_8_64,grey dark medium,grey,dark medium,dark medium,36,3,9,3
1009,478130_4419430_8_65,brown dark medium-2,brown,dark medium-2,dark medium,12,1,11,3
1010,478130_4419430_8_66,brown dark medium-1,brown,dark medium-1,dark medium,11,1,10,3
1011,478130_4419430_8_67,reddish medium-1,reddish,medium-1,medium,76,5,23,8
1012,478130_4419430_8_68,creamy fine,creamy,fine,fine,25,2,13,4
1013,478130_4419430_8_69,brown dark fine,brown,dark fine,dark fine,9,1,8,2
1014,478130_4419430_8_70,grey fine,grey,fine,fine,38,3,13,4
1015,478130_4419430_8_71,brown light coarse-2,brown,light coarse-2,light coarse,16,1,16,5
1016,478130_4419430_8_72,yellowish brown medium,yellowish brown,medium,medium,84,12,22,8
1017,478130_4419430_8_73,creamy medium,creamy,medium,medium,26,2,22,8
1018,478130_4419430_8_74,brown dark fine,brown,dark fine,dark fine,9,1,8,2
1019,478130_4419430_8_75,brown dark fine,brown,dark fine,dark fine,9,1,8,2
1020,478130_4419430_8_76,brown dark fine,brown,dark fine,dark fine,9,1,8,2
1021,478130_4419430_8_77,iron,,,,41,13,26,9
1022,478130_4419430_9_1,grey medium,grey,medium,medium,39,3,22,8
1023,478130_4419430_9_2,brown light medium-2,brown,light medium-2,light medium,19,1,20,7
1024,478130_4419430_9_3,grey medium,grey,medium,medium,39,3,22,8
1025,478130_4419430_9_4,black medium,black,medium,medium,2,0,22,8
1026,478130_4419430_9_5,reddish medium-2,reddish,medium-2,medium,77,5,24,8
1027,478130_4419430_9_6,brown dark medium-3,brown,dark medium-3,dark medium,13,1,12,3
1028,478130_4419430_9_7,reddish brown coarse-1,reddish brown,coarse-1,coarse,49,6,1,0
1029,478130_4419430_9_8,brown fine,brown,fine,fine,14,1,13,4
1030,478130_4419430_9_9,brown dark medium-1,brown,dark medium-1,dark medium,11,1,10,3
1031,478130_4419430_9_10,grey fine,grey,fine,fine,38,3,13,4
1032,478130_4419430_9_11,brown light medium-1,brown,light medium-1,light medium,18,1,19,7
1033,478130_4419430_9_12,brown medium-1,brown,medium-1,medium,22,1,23,8
1034,478130_4419430_9_13,grey medium,grey,medium,medium,39,3,22,8
1035,478130_4419430_9_14,brown light medium-1,brown,light medium-1,light medium,18,1,19,7
1036,478130_4419430_9_15,brown light coarse-2,brown,light coarse-2,light coarse,16,1,16,5
1037,478130_4419430_9_16,reddish medium-2,reddish,medium-2,medium,77,5,24,8
1038,478130_4419430_9_17,reddish medium-2,reddish,medium-2,medium,77,5,24,8
1039,478130_4419430_9_18,reddish medium-1,reddish,medium-1,medium,76,5,23,8
1040,478130_4419430_9_19,reddish medium-1,reddish,medium-1,medium,76,5,23,8
1041,478130_4419430_9_20,grey medium,grey,medium,medium,39,3,22,8
1042,478130_4419430_9_21,reddish medium-1,reddish,medium-1,medium,76,5,23,8
1043,478130_4419430_9_22,reddish medium-1,reddish,medium-1,medium,76,5,23,8
1044,478130_4419430_9_23,reddish medium-2,reddish,medium-2,medium,77,5,24,8
1045,478130_4419430_9_24,brown dark fine,brown,dark fine,dark fine,9,1,8,2
1046,478130_4419430_9_25,yellowish brown medium,yellowish brown,medium,medium,84,12,22,8
1047,478130_4419430_9_26,reddish medium-1,reddish,medium-1,medium,76,5,23,8
1048,478130_4419430_9_27,brown dark medium-1,brown,dark medium-1,dark medium,11,1,10,3
1049,478130_4419430_9_28,brown dark coarse-2,brown,dark coarse-2,dark coarse,7,1,6,1
1050,478130_4419430_9_29,brown dark medium-2,brown,dark medium-2,dark medium,12,1,11,3
1051,478130_4419430_9_30,brown dark medium-2,brown,dark medium-2,dark medium,12,1,11,3
1052,478130_4419430_9_31,reddish brown medium-1,reddish brown,medium-1,medium,60,6,23,8
1053,478130_4419430_9_32,black medium,black,medium,medium,2,0,22,8
1054,478130_4419430_9_33,brown dark medium-1,brown,dark medium-1,dark medium,11,1,10,3
1055,478130_4419430_9_34,grey fine,grey,fine,fine,38,3,13,4
1056,478130_4419430_9_35,reddish medium-1,reddish,medium-1,medium,76,5,23,8
1057,478130_4419430_9_36,grey medium,grey,medium,medium,39,3,22,8
1058,478130_4419430_9_37,grey medium,grey,medium,medium,39,3,22,8
1059,478130_4419430_9_38,grey medium,grey,medium,medium,39,3,22,8
1060,478130_4419430_9_39,grey medium,grey,medium,medium,39,3,22,8
1061,478130_4419430_9_40,brown dark medium-1,brown,dark medium-1,dark medium,11,1,10,3
1062,478130_4419430_9_41,grey medium,grey,medium,medium,39,3,22,8
1063,478130_4419430_9_42,grey medium,grey,medium,medium,39,3,22,8
1064,478130_4419430_9_43,reddish brown coarse-1,reddish brown,coarse-1,coarse,49,6,1,0
1065,478130_4419430_9_44,reddish brown medium-1,reddish brown,medium-1,medium,60,6,23,8
1066,478130_4419430_9_45,reddish dark brown medium-1,reddish dark brown,medium-1,medium,66,7,23,8
1067,478130_4419430_9_46,reddish brown coarse-1,reddish brown,coarse-1,coarse,49,6,1,0
1068,478130_4419430_9_47,brown dark medium-1,brown,dark medium-1,dark medium,11,1,10,3
1069,478130_4419430_9_48,yellowish brown medium-1,yellowish brown,medium-1,medium,85,12,23,8
1070,478130_4419430_9_49,grey medium,grey,medium,medium,39,3,22,8
1071,478130_4419430_9_50,grey medium,grey,medium,medium,39,3,22,8
1072,478130_4419430_9_51,yellow brown coarse-2,yellow brown,coarse-2,coarse,82,11,2,0
1073,478130_4419430_9_52,grey medium,grey,medium,medium,39,3,22,8
1074,478130_4419430_9_53,brown dark coarse-1,brown,dark coarse-1,dark coarse,6,1,5,1
1075,478130_4419430_9_54,brown dark medium-1,brown,dark medium-1,dark medium,11,1,10,3
1076,478130_4419430_9_55,brown dark coarse-2,brown,dark coarse-2,dark coarse,7,1,6,1
1077,478130_4419430_9_56,brown dark medium-1,brown,dark medium-1,dark medium,11,1,10,3
1078,478130_4419430_9_57,reddish brown medium-1,reddish brown,medium-1,medium,60,6,23,8
1079,478130_4419430_9_58,reddish dark brown medium-1,reddish dark brown,medium-1,medium,66,7,23,8
1080,478130_4419430_9_59,brown dark medium-1,brown,dark medium-1,dark medium,11,1,10,3
1081,478130_4419430_9_60,brown light medium-2,brown,light medium-2,light medium,19,1,20,7
1082,478130_4419430_9_61,reddish brown coarse-2,reddish brown,coarse-2,coarse,50,6,2,0
1083,478130_4419430_9_62,brown medium-1,brown,medium-1,medium,22,1,23,8
1084,478130_4419430_9_63,grey dark medium,grey,dark medium,dark medium,36,3,9,3
1085,478130_4419430_9_64,grey medium,grey,medium,medium,39,3,22,8
1086,478130_4419430_9_65,black fine,black,fine,fine,1,0,13,4
1087,478130_4419430_9_66,reddish yellow coarse,reddish yellow,coarse,coarse,78,9,0,0
1088,478130_4419430_9_67,brown dark medium-2,brown,dark medium-2,dark medium,12,1,11,3
1089,478130_4419430_9_68,grey dark medium,grey,dark medium,dark medium,36,3,9,3
1090,478130_4419430_9_69,reddish medium-1,reddish,medium-1,medium,76,5,23,8
1091,478130_4419430_9_70,brown dark medium-1,brown,dark medium-1,dark medium,11,1,10,3
1092,478130_4419430_9_71,brown dark medium-2,brown,dark medium-2,dark medium,12,1,11,3
1093,478130_4419430_9_72,brown dark medium-1,brown,dark medium-1,dark medium,11,1,10,3
1094,478130_4419430_9_73,grey dark medium,grey,dark medium,dark medium,36,3,9,3
1095,478130_4419430_9_74,brown dark medium-1,brown,dark medium-1,dark medium,11,1,10,3
1096,478130_4419430_9_75,grey dark medium,grey,dark medium,dark medium,36,3,9,3
1097,478130_4419430_9_76,grey coarse,grey,coarse,coarse,28,3,0,0
1098,478130_4419430_9_77,brown dark coarse-1,brown,dark coarse-1,dark coarse,6,1,5,1
1099,478130_4419430_9_78,reddish brown medium-1,reddish brown,medium-1,medium,60,6,23,8
1100,478130_4419430_9_79,reddish brown medium-1,reddish brown,medium-1,medium,60,6,23,8
1101,478130_4419430_9_80,brown dark coarse-2,brown,dark coarse-2,dark coarse,7,1,6,1
1102,478130_4419430_9_81,brown dark coarse-1,brown,dark coarse-1,dark coarse,6,1,5,1
1103,478130_4419430_9_82,black fine,black,fine,fine,1,0,13,4
1104,478130_4419430_9_83,brown medium-1,brown,medium-1,medium,22,1,23,8
1105,478130_4419430_9_84,brown dark medium-2,brown,dark medium-2,dark medium,12,1,11,3
1106,478130_4419430_9_85,grey medium,grey,medium,medium,39,3,22,8
1107,478130_4419430_9_86,yellowish brown medium,yellowish brown,medium,medium,84,12,22,8
1108,478130_4419430_9_87,brown dark fine,brown,dark fine,dark fine,9,1,8,2
1109,478130_4419430_9_88,reddish medium-2,reddish,medium-2,medium,77,5,24,8
1110,478130_4419430_9_89,brown dark medium-1,brown,dark medium-1,dark medium,11,1,10,3
1111,478130_4419430_9_90,grey medium,grey,medium,medium,39,3,22,8
1112,478130_4419430_9_91,brown dark coarse-1,brown,dark coarse-1,dark coarse,6,1,5,1
1113,478130_4419430_9_92,grey medium,grey,medium,medium,39,3,22,8
1114,478130_4419430_9_93,reddish medium-1,reddish,medium-1,medium,76,5,23,8
1115,478130_4419430_9_94,grey coarse,grey,coarse,coarse,28,3,0,0
1116,478130_4419430_9_95,yellowish brown medium,yellowish brown,medium,medium,84,12,22,8
1117,478130_4419430_9_96,grey coarse,grey,coarse,coarse,28,3,0,0
1118,478130_4419430_9_97,brown dark coarse-1,brown,dark coarse-1,dark coarse,6,1,5,1
1119,478130_4419430_9_98,reddish yellow medium,reddish yellow,medium,medium,79,9,22,8
1120,478130_4419430_9_99,reddish yellow medium,reddish yellow,medium,medium,79,9,22,8
1121,478130_4419430_9_100,brown dark medium-2,brown,dark medium-2,dark medium,12,1,11,3
1122,478130_4419430_9_101,reddish medium-1,reddish,medium-1,medium,76,5,23,8
1123,478130_4419430_9_102,reddish medium-1,reddish,medium-1,medium,76,5,23,8
1124,478130_4419430_9_103,reddish medium-1,reddish,medium-1,medium,76,5,23,8
1125,478130_4419430_9_104,grey coarse-2,grey,coarse-2,coarse,30,3,2,0
1126,478130_4419430_9_105,brown dark medium-2,brown,dark medium-2,dark medium,12,1,11,3
1127,478130_4419430_9_106,grey medium,grey,medium,medium,39,3,22,8
1128,478130_4419430_9_107,brown light medium-1,brown,light medium-1,light medium,18,1,19,7
1129,478130_4419430_9_108,black medium,black,medium,medium,2,0,22,8
1130,478130_4419430_9_109,grey dark medium,grey,dark medium,dark medium,36,3,9,3
1131,478130_4419430_9_110,grey medium,grey,medium,medium,39,3,22,8
1132,478130_4419430_9_111,grey dark medium,grey,dark medium,dark medium,36,3,9,3
1133,478130_4419430_9_112,brown dark fine,brown,dark fine,dark fine,9,1,8,2
1134,478130_4419430_9_113,brown light coarse-2,brown,light coarse-2,light coarse,16,1,16,5
1135,478130_4419430_9_114,brown light coarse-2,brown,light coarse-2,light coarse,16,1,16,5
1136,478130_4419430_9_115,grey dark medium,grey,dark medium,dark medium,36,3,9,3
1137,478130_4419430_9_116,brown dark medium-1,brown,dark medium-1,dark medium,11,1,10,3
1138,478130_4419430_9_117,brown dark coarse-1,brown,dark coarse-1,dark coarse,6,1,5,1
1139,478130_4419430_9_118,brown dark medium-3,brown,dark medium-3,dark medium,13,1,12,3
1140,478130_4419430_9_119,brown dark medium-1,brown,dark medium-1,dark medium,11,1,10,3
1141,478130_4419430_9_120,yellow brown coarse-1,yellow brown,coarse-1,coarse,81,11,1,0
1142,478130_4419430_9_121,grey coarse-2,grey,coarse-2,coarse,30,3,2,0
1143,478130_4419430_9_122,brown dark coarse-1,brown,dark coarse-1,dark coarse,6,1,5,1
1144,478130_4419430_9_123,brown dark medium-2,brown,dark medium-2,dark medium,12,1,11,3
1145,478130_4419430_9_124,reddish medium-2,reddish,medium-2,medium,77,5,24,8
1146,478130_4419430_9_125,brown dark medium-1,brown,dark medium-1,dark medium,11,1,10,3
1147,478130_4419430_9_126,brown dark medium-2,brown,dark medium-2,dark medium,12,1,11,3
1148,478130_4419430_9_127,grey dark medium,grey,dark medium,dark medium,36,3,9,3
1149,478130_4419430_9_128,brown dark coarse-1,brown,dark coarse-1,dark coarse,6,1,5,1
1150,478130_4419430_9_129,yellow brown coarse-1,yellow brown,coarse-1,coarse,81,11,1,0
1151,478130_4419430_9_130,brown dark coarse-1,brown,dark coarse-1,dark coarse,6,1,5,1
1152,478130_4419430_9_131,brown dark coarse-1,brown,dark coarse-1,dark coarse,6,1,5,1
1153,478130_4419430_9_132,brown dark medium-2,brown,dark medium-2,dark medium,12,1,11,3
1154,478130_4419430_9_133,brown dark medium-2,brown,dark medium-2,dark medium,12,1,11,3
1155,478130_4419430_9_134,slipped grey medium,slipped grey,medium,medium,80,10,22,8
1156,478130_4419430_9_135,brown light medium-2,brown,light medium-2,light medium,19,1,20,7
1157,478130_4419430_9_136,yellowish brown medium,yellowish brown,medium,medium,84,12,22,8
1158,478130_4419430_9_137,yellowish brown medium,yellowish brown,medium,medium,84,12,22,8
1159,478130_4419430_9_138,brown dark medium-2,brown,dark medium-2,dark medium,12,1,11,3
1160,478130_4419430_9_139,brown dark coarse-1,brown,dark coarse-1,dark coarse,6,1,5,1
1161,478130_4419430_9_140,black coarse,black,coarse,coarse,0,0,0,0
1162,478130_4419430_9_141,brown fine,brown,fine,fine,14,1,13,4
1163,478130_4419430_9_142,grey dark medium,grey,dark medium,dark medium,36,3,9,3
1164,478130_4419430_9_143,grey coarse-2,grey,coarse-2,coarse,30,3,2,0
1165,478130_4419430_9_144,grey fine,grey,fine,fine,38,3,13,4
1166,478130_4419430_9_145,grey fine,grey,fine,fine,38,3,13,4
1167,478130_4419430_9_146,brown dark medium-1,brown,dark medium-1,dark medium,11,1,10,3
1168,478130_4419430_9_147,yellowish brown medium,yellowish brown,medium,medium,84,12,22,8
1169,478130_4419430_9_148,reddish medium-2,reddish,medium-2,medium,77,5,24,8
1170,478130_4419430_9_149,grey dark coarse-2,grey,dark coarse-2,dark coarse,34,3,6,1
1171,478130_4419430_9_150,brown dark medium-1,brown,dark medium-1,dark medium,11,1,10,3
1172,478130_4419430_9_151,brown dark coarse-1,brown,dark coarse-1,dark coarse,6,1,5,1
1173,478130_4419430_9_152,grey dark medium,grey,dark medium,dark medium,36,3,9,3
1174,478130_4419430_9_153,grey dark medium,grey,dark medium,dark medium,36,3,9,3
1175,478130_4419430_9_154,brown dark medium-1,brown,dark medium-1,dark medium,11,1,10,3
1176,478130_4419430_9_155,brown dark coarse-2,brown,dark coarse-2,dark coarse,7,1,6,1
1177,478130_4419430_9_156,brown dark coarse-1,brown,dark coarse-1,dark coarse,6,1,5,1
1178,478130_4419430_9_157,reddish medium-2,reddish,medium-2,medium,77,5,24,8
1179,478130_4419430_9_158,brown dark medium-2,brown,dark medium-2,dark medium,12,1,11,3
1180,478130_4419430_9_159,grey dark medium,grey,dark medium,dark medium,36,3,9,3
1181,478130_4419430_9_160,brown light medium-2,brown,light medium-2,light medium,19,1,20,7
1182,478130_4419430_9_161,yellowish brown medium,yellowish brown,medium,medium,84,12,22,8
1183,478130_4419430_9_162,brown dark medium-1,brown,dark medium-1,dark medium,11,1,10,3
1184,478130_4419430_9_163,reddish grey coarse,reddish grey,coarse,coarse,71,8,0,0
1185,478130_4419430_9_164,brown dark medium-1,brown,dark medium-1,dark medium,11,1,10,3
1186,478130_4419430_9_165,grey coarse,grey,coarse,coarse,28,3,0,0
1187,478130_4419430_9_166,reddish grey coarse,reddish grey,coarse,coarse,71,8,0,0
1188,478130_4419430_9_167,black medium,black,medium,medium,2,0,22,8
1189,478130_4419430_9_168,yellow brown coarse-1,yellow brown,coarse-1,coarse,81,11,1,0
1190,478130_4419430_9_169,brown dark coarse-1,brown,dark coarse-1,dark coarse,6,1,5,1
1191,478130_4419430_9_170,grey medium,grey,medium,medium,39,3,22,8
1192,478130_4419430_9_171,reddish medium-1,reddish,medium-1,medium,76,5,23,8
1193,478130_4419430_9_172,brown medium-2,brown,medium-2,medium,23,1,24,8
1194,478130_4419430_9_173,brown medium-2,brown,medium-2,medium,23,1,24,8
1195,478130_4419430_9_174,brown dark coarse-1,brown,dark coarse-1,dark coarse,6,1,5,1
1196,478130_4419430_9_175,brown dark medium-2,brown,dark medium-2,dark medium,12,1,11,3
1197,478130_4419430_9_176,reddish brown coarse-1,reddish brown,coarse-1,coarse,49,6,1,0
1198,478130_4419430_9_177,reddish brown medium-3,reddish brown,medium-3,medium,62,6,25,8
1199,478130_4419430_9_178,reddish brown medium-3,reddish brown,medium-3,medium,62,6,25,8
1200,478130_4419430_9_179,reddish brown medium-3,reddish brown,medium-3,medium,62,6,25,8
1201,478130_4419430_9_180,brown dark coarse-2,brown,dark coarse-2,dark coarse,7,1,6,1
1202,478130_4419430_9_181,brown medium-2,brown,medium-2,medium,23,1,24,8
1203,478130_4419430_9_182,yellowish brown medium,yellowish brown,medium,medium,84,12,22,8
1204,478130_4419430_9_183,brown dark medium-1,brown,dark medium-1,dark medium,11,1,10,3
1205,478130_4419430_9_184,grey medium,grey,medium,medium,39,3,22,8
1206,478130_4419430_9_185,brown dark medium-1,brown,dark medium-1,dark medium,11,1,10,3
1207,478130_4419430_9_186,reddish brown coarse-1,reddish brown,coarse-1,coarse,49,6,1,0
1208,478130_4419430_9_187,reddish brown medium-1,reddish brown,medium-1,medium,60,6,23,8
1209,478130_4419430_9_188,yellowish brown medium,yellowish brown,medium,medium,84,12,22,8
1210,478130_4419430_9_189,brown dark medium-3,brown,dark medium-3,dark medium,13,1,12,3
1211,478130_4419430_9_190,reddish medium-1,reddish,medium-1,medium,76,5,23,8
1212,478130_4419430_9_191,reddish brown medium-1,reddish brown,medium-1,medium,60,6,23,8
1213,478130_4419430_9_192,reddish brown medium-3,reddish brown,medium-3,medium,62,6,25,8
1214,478130_4419430_9_193,brown dark coarse-1,brown,dark coarse-1,dark coarse,6,1,5,1
1215,478130_4419430_9_194,reddish brown medium-1,reddish brown,medium-1,medium,60,6,23,8
1216,478130_4419430_9_195,reddish brown medium-3,reddish brown,medium-3,medium,62,6,25,8
1217,478130_4419430_9_196,reddish fine,reddish,fine,fine,70,5,13,4
1218,478130_4419430_9_197,brown dark medium-1,brown,dark medium-1,dark medium,11,1,10,3
1219,478130_4419430_9_198,yellowish brown medium,yellowish brown,medium,medium,84,12,22,8
1220,478130_4419430_9_199,reddish brown medium-1,reddish brown,medium-1,medium,60,6,23,8
1221,478130_4419430_9_200,creamy fine,creamy,fine,fine,25,2,13,4
1222,478130_4419430_9_201,reddish medium-2,reddish,medium-2,medium,77,5,24,8
1223,478130_4419430_9_202,reddish medium-2,reddish,medium-2,medium,77,5,24,8
1224,478130_4419430_9_203,reddish medium-2,reddish,medium-2,medium,77,5,24,8
1225,478130_4419430_9_204,reddish brown medium-1,reddish brown,medium-1,medium,60,6,23,8
1226,478130_4419430_9_205,brown dark medium-1,brown,dark medium-1,dark medium,11,1,10,3
1227,478130_4419430_9_206,brown dark medium-1,brown,dark medium-1,dark medium,11,1,10,3
1228,478130_4419430_9_207,reddish medium-2,reddish,medium-2,medium,77,5,24,8
1229,478130_4419430_9_208,iron,,,,41,13,26,9
1230,478130_4419430_9_209,iron,,,,41,13,26,9
1231,478130_4419430_9_210,iron,,,,41,13,26,9
1232,478130_4419430_10_4,yellow brown coarse-2,yellow brown,coarse-2,coarse,82,11,2,0
